2026-01-28 00:57:55,621 - Knowledge - INFO - Created shared MongoDB connection pool
2026-01-28 00:57:55,937 - Knowledge - INFO - Starting Knowledge Graph processing with 20 threads
2026-01-28 00:57:56,163 - Knowledge - INFO - Initial configuration: chunk_size=65536, max_cache_size=500
2026-01-28 00:57:56,327 - Knowledge - INFO - Knowledge Graph concurrency configuration: workers=20, max_batch_size=10, max_concurrent_llm_calls=50
2026-01-28 00:57:57,962 - Knowledge - INFO - 🔍 _load_persisted_knowledge called - checking for Redis optimization
2026-01-28 00:57:58,222 - Knowledge - WARNING - ❌ load_from_redis method not found - Redis support not attached
2026-01-28 00:57:58,424 - Knowledge - INFO - load persisted knowledge: begin
2026-01-28 00:57:58,616 - Knowledge - INFO - Loaded 0 files from persisted knowledge
2026-01-28 00:57:58,828 - Knowledge - INFO - load persisted knowledge: end
2026-01-28 00:57:59,031 - Knowledge - WARNING - No persisted knowledge found. Files will be queued during start()
2026-01-28 00:57:59,192 - Knowledge - INFO - Redis support added with prefix knowledge:b0425cu:
2026-01-28 00:57:59,900 - Knowledge - INFO - Starting knowledge initialization for ID: lFq2yx-b0425cu
2026-01-28 00:58:00,117 - Knowledge - INFO - 🔍 Checking Redis for build_id: b0425cu
2026-01-28 00:58:00,329 - Knowledge - INFO - 🔍 Full session ID: lFq2yx-b0425cu
2026-01-28 00:58:00,505 - Knowledge - INFO - 🔍 Redis prefix will be: knowledge:b0425cu:
2026-01-28 00:58:00,671 - Knowledge - INFO - 🔍 Using attached load_from_redis() method
2026-01-28 00:58:00,842 - Knowledge - INFO - 🔍 Attempting to load knowledge from Redis...
2026-01-28 00:58:01,015 - Knowledge - INFO - 🔍 Using derived instance_id for Redis lookup: b0425cu
2026-01-28 00:58:01,213 - Knowledge - WARNING - ❌ No Redis cache found
2026-01-28 00:58:01,400 - Knowledge - INFO - 📁 Loading knowledge from disk...
2026-01-28 00:58:01,708 - Knowledge - INFO - load persisted docinfo: begin
2026-01-28 00:58:01,922 - Knowledge - INFO - load persisted docinfo: end
2026-01-28 00:58:02,170 - Knowledge - INFO - 🔍 _load_persisted_knowledge called - checking for Redis optimization
2026-01-28 00:58:02,424 - Knowledge - INFO - ✅ load_from_redis method found - attempting Redis load
2026-01-28 00:58:02,592 - Knowledge - INFO - 🔍 Attempting to load knowledge from Redis...
2026-01-28 00:58:02,772 - Knowledge - INFO - 🔍 Using derived instance_id for Redis lookup: b0425cu
2026-01-28 00:58:02,961 - Knowledge - WARNING - ❌ No Redis cache found
2026-01-28 00:58:03,159 - Knowledge - INFO - ❌ Redis load returned False - falling back to file loading
2026-01-28 00:58:03,343 - Knowledge - INFO - load persisted knowledge: begin
2026-01-28 00:58:03,509 - Knowledge - INFO - Loaded 0 files from persisted knowledge
2026-01-28 00:58:03,666 - Knowledge - INFO - load persisted knowledge: end
2026-01-28 00:58:03,829 - Knowledge - INFO - 📁 Disk load complete in 2.24s
2026-01-28 00:58:04,037 - Knowledge - INFO - Populating ingest queue with source files...
2026-01-28 00:58:04,525 - Knowledge - INFO - Added 374 files from /app/data/T0015/311293/b0425cu/web-client-311293 to ingest queue
2026-01-28 00:58:04,708 - Knowledge - INFO - [WEBSOCKET] Sent: Type=progress_update, Size: 160, Duration: 0ms
2026-01-28 00:58:04,887 - Knowledge - INFO - Worker kw1 created using shared MongoDB connection pool
2026-01-28 00:58:05,106 - Knowledge - INFO - knowledge worker kw1 start
2026-01-28 00:58:05,108 - Knowledge - INFO - Worker kw2 created using shared MongoDB connection pool
2026-01-28 00:58:05,269 - Knowledge - INFO - [kw1] Queue=374, InProgress=0, PendingWorkers=0/1, Completed=0/374 (0.0%)
2026-01-28 00:58:05,399 - Knowledge - INFO - knowledge worker kw2 start
2026-01-28 00:58:05,399 - Knowledge - INFO - Worker kw3 created using shared MongoDB connection pool
2026-01-28 00:58:05,525 - Knowledge - INFO - Batch sizing: calculated=6, max_allowed=10, queue=374, active_workers=0/2
2026-01-28 00:58:05,613 - Knowledge - INFO - [kw2] Queue=374, InProgress=0, PendingWorkers=0/2, Completed=0/374 (0.0%)
2026-01-28 00:58:05,692 - Knowledge - INFO - knowledge worker kw3 start
2026-01-28 00:58:05,692 - Knowledge - INFO - Worker kw4 created using shared MongoDB connection pool
2026-01-28 00:58:05,804 - Knowledge - INFO - Worker kw1 processing /app/data/T0015/311293/b0425cu/web-client-311293/src/contexts/AuthContext.jsx
2026-01-28 00:58:05,904 - Knowledge - INFO - Batch sizing: calculated=6, max_allowed=10, queue=374, active_workers=1/3
2026-01-28 00:58:05,986 - Knowledge - INFO - [kw3] Queue=368, InProgress=0, PendingWorkers=1/3, Completed=0/374 (0.0%)
2026-01-28 00:58:06,077 - Knowledge - INFO - knowledge worker kw4 start
2026-01-28 00:58:06,079 - Knowledge - INFO - Worker kw5 created using shared MongoDB connection pool
2026-01-28 00:58:06,162 - Knowledge - INFO - Fast-tracked /app/data/T0015/311293/b0425cu/web-client-311293/src/contexts/AuthContext.jsx (ext=.jsx, size=1165)
2026-01-28 00:58:06,253 - Knowledge - INFO - Worker kw2 processing /app/data/T0015/311293/b0425cu/web-client-311293/src/hooks/useDocumentTitle.ts
2026-01-28 00:58:06,337 - Knowledge - INFO - Batch sizing: calculated=6, max_allowed=10, queue=368, active_workers=2/4
2026-01-28 00:58:06,464 - Knowledge - INFO - [kw4] Queue=362, InProgress=0, PendingWorkers=2/4, Completed=0/374 (0.0%)
2026-01-28 00:58:06,555 - Knowledge - INFO - knowledge worker kw5 start
2026-01-28 00:58:06,556 - Knowledge - INFO - Worker kw6 created using shared MongoDB connection pool
2026-01-28 00:58:06,666 - Knowledge - INFO - Worker kw1 processing /app/data/T0015/311293/b0425cu/web-client-311293/src/contexts/WebsocketContext.jsx
2026-01-28 00:58:06,792 - Knowledge - INFO - Fast-tracked /app/data/T0015/311293/b0425cu/web-client-311293/src/hooks/useDocumentTitle.ts (ext=.ts, size=229)
2026-01-28 00:58:06,875 - Knowledge - INFO - Worker kw3 processing /app/data/T0015/311293/b0425cu/web-client-311293/src/services/userPreferences.ts
2026-01-28 00:58:06,961 - Knowledge - INFO - Batch sizing: calculated=6, max_allowed=10, queue=362, active_workers=3/5
2026-01-28 00:58:07,093 - Knowledge - INFO - [kw5] Queue=356, InProgress=0, PendingWorkers=3/5, Completed=0/374 (0.0%)
2026-01-28 00:58:07,180 - Knowledge - INFO - knowledge worker kw6 start
2026-01-28 00:58:07,180 - Knowledge - INFO - Worker kw7 created using shared MongoDB connection pool
2026-01-28 00:58:07,309 - Knowledge - INFO - Worker kw1 processing /app/data/T0015/311293/b0425cu/web-client-311293/src/hooks/useQuery.ts
2026-01-28 00:58:07,400 - Knowledge - INFO - Worker kw2 processing /app/data/T0015/311293/b0425cu/web-client-311293/src/App.jsx
2026-01-28 00:58:07,520 - Knowledge - INFO - Fast-tracked /app/data/T0015/311293/b0425cu/web-client-311293/src/services/userPreferences.ts (ext=.ts, size=632)
2026-01-28 00:58:07,645 - Knowledge - INFO - Worker kw4 processing /app/data/T0015/311293/b0425cu/web-client-311293/src/models/Task.ts
2026-01-28 00:58:07,752 - Knowledge - INFO - Batch sizing: calculated=6, max_allowed=10, queue=356, active_workers=4/6
2026-01-28 00:58:07,904 - Knowledge - INFO - [kw6] Queue=350, InProgress=0, PendingWorkers=4/6, Completed=0/374 (0.0%)
2026-01-28 00:58:07,987 - Knowledge - INFO - knowledge worker kw7 start
2026-01-28 00:58:07,987 - Knowledge - INFO - Worker kw8 created using shared MongoDB connection pool
2026-01-28 00:58:08,074 - Knowledge - INFO - Fast-tracked /app/data/T0015/311293/b0425cu/web-client-311293/src/hooks/useQuery.ts (ext=.ts, size=201)
2026-01-28 00:58:08,154 - Knowledge - INFO - Worker kw2 processing /app/data/T0015/311293/b0425cu/web-client-311293/src/services/keycloak.ts
2026-01-28 00:58:08,249 - Knowledge - INFO - Worker kw3 processing /app/data/T0015/311293/b0425cu/web-client-311293/src/services/permissions.ts
2026-01-28 00:58:08,348 - Knowledge - INFO - Fast-tracked /app/data/T0015/311293/b0425cu/web-client-311293/src/models/Task.ts (ext=.ts, size=700)
2026-01-28 00:58:08,438 - Knowledge - INFO - Worker kw5 processing /app/data/T0015/311293/b0425cu/web-client-311293/src/models/Document.ts
2026-01-28 00:58:08,569 - Knowledge - INFO - Batch sizing: calculated=6, max_allowed=10, queue=350, active_workers=5/7
2026-01-28 00:58:08,657 - Knowledge - INFO - [kw7] Queue=344, InProgress=0, PendingWorkers=5/7, Completed=0/374 (0.0%)
2026-01-28 00:58:08,737 - Knowledge - INFO - knowledge worker kw8 start
2026-01-28 00:58:08,737 - Knowledge - INFO - Worker kw9 created using shared MongoDB connection pool
2026-01-28 00:58:08,857 - Knowledge - INFO - Worker kw1 processing /app/data/T0015/311293/b0425cu/web-client-311293/src/hooks/useToggle.ts
2026-01-28 00:58:08,940 - Knowledge - INFO - Fast-tracked /app/data/T0015/311293/b0425cu/web-client-311293/src/services/keycloak.ts (ext=.ts, size=1852)
2026-01-28 00:58:09,060 - Knowledge - INFO - Fast-tracked /app/data/T0015/311293/b0425cu/web-client-311293/src/services/permissions.ts (ext=.ts, size=449)
2026-01-28 00:58:09,195 - Knowledge - INFO - Worker kw4 processing /app/data/T0015/311293/b0425cu/web-client-311293/src/models/RemediationPriority.ts
2026-01-28 00:58:09,276 - Knowledge - INFO - Fast-tracked /app/data/T0015/311293/b0425cu/web-client-311293/src/models/Document.ts (ext=.ts, size=378)
2026-01-28 00:58:09,359 - Knowledge - INFO - Worker kw6 processing /app/data/T0015/311293/b0425cu/web-client-311293/src/models/Widgets.jsx
2026-01-28 00:58:09,448 - Knowledge - INFO - Batch sizing: calculated=6, max_allowed=10, queue=344, active_workers=6/8
2026-01-28 00:58:09,568 - Knowledge - INFO - [kw8] Queue=338, InProgress=0, PendingWorkers=6/8, Completed=0/374 (0.0%)
2026-01-28 00:58:09,647 - Knowledge - INFO - knowledge worker kw9 start
2026-01-28 00:58:09,648 - Knowledge - INFO - Worker kw10 created using shared MongoDB connection pool
2026-01-28 00:58:09,765 - Knowledge - INFO - Fast-tracked /app/data/T0015/311293/b0425cu/web-client-311293/src/hooks/useToggle.ts (ext=.ts, size=489)
2026-01-28 00:58:09,837 - Knowledge - INFO - Worker kw2 processing /app/data/T0015/311293/b0425cu/web-client-311293/src/services/command.ts
2026-01-28 00:58:09,920 - Knowledge - INFO - Worker kw3 processing /app/data/T0015/311293/b0425cu/web-client-311293/src/services/passwords.ts
2026-01-28 00:58:10,007 - Knowledge - INFO - Fast-tracked /app/data/T0015/311293/b0425cu/web-client-311293/src/models/RemediationPriority.ts (ext=.ts, size=174)
2026-01-28 00:58:10,096 - Knowledge - INFO - Worker kw5 processing /app/data/T0015/311293/b0425cu/web-client-311293/src/models/Client.ts
2026-01-28 00:58:10,208 - Knowledge - INFO - Worker kw6 processing /app/data/T0015/311293/b0425cu/web-client-311293/src/models/TaskPriority.ts
2026-01-28 00:58:10,287 - Knowledge - INFO - Worker kw7 processing /app/data/T0015/311293/b0425cu/web-client-311293/src/models/CommandSchedule.ts
2026-01-28 00:58:10,390 - Knowledge - INFO - Batch sizing: calculated=6, max_allowed=10, queue=338, active_workers=7/9
2026-01-28 00:58:10,478 - Knowledge - INFO - [kw9] Queue=332, InProgress=0, PendingWorkers=7/9, Completed=0/374 (0.0%)
2026-01-28 00:58:10,560 - Knowledge - INFO - knowledge worker kw10 start
2026-01-28 00:58:10,566 - Knowledge - INFO - Worker kw11 created using shared MongoDB connection pool
2026-01-28 00:58:10,655 - Knowledge - INFO - Worker kw1 processing /app/data/T0015/311293/b0425cu/web-client-311293/src/hooks/useBoolean.ts
2026-01-28 00:58:10,750 - Knowledge - INFO - Fast-tracked /app/data/T0015/311293/b0425cu/web-client-311293/src/services/command.ts (ext=.ts, size=1475)
2026-01-28 00:58:10,843 - Knowledge - INFO - Worker kw3 processing /app/data/T0015/311293/b0425cu/web-client-311293/src/services/api.ts
2026-01-28 00:58:10,935 - Knowledge - INFO - Worker kw4 processing /app/data/T0015/311293/b0425cu/web-client-311293/src/models/RemediationComplexity.ts
2026-01-28 00:58:11,035 - Knowledge - INFO - Fast-tracked /app/data/T0015/311293/b0425cu/web-client-311293/src/models/Client.ts (ext=.ts, size=547)
2026-01-28 00:58:11,125 - Knowledge - INFO - Fast-tracked /app/data/T0015/311293/b0425cu/web-client-311293/src/models/TaskPriority.ts (ext=.ts, size=237)
2026-01-28 00:58:11,207 - Knowledge - INFO - Fast-tracked /app/data/T0015/311293/b0425cu/web-client-311293/src/models/CommandSchedule.ts (ext=.ts, size=357)
2026-01-28 00:58:11,325 - Knowledge - INFO - Worker kw8 processing /app/data/T0015/311293/b0425cu/web-client-311293/src/models/ProjectVulnerabilityMetrics.ts
2026-01-28 00:58:11,447 - Knowledge - INFO - Batch sizing: calculated=6, max_allowed=10, queue=332, active_workers=8/10
2026-01-28 00:58:11,572 - Knowledge - INFO - [kw10] Queue=326, InProgress=0, PendingWorkers=8/10, Completed=0/374 (0.0%)
2026-01-28 00:58:11,652 - Knowledge - INFO - knowledge worker kw11 start
2026-01-28 00:58:11,653 - Knowledge - INFO - Worker kw12 created using shared MongoDB connection pool
2026-01-28 00:58:11,737 - Knowledge - INFO - Fast-tracked /app/data/T0015/311293/b0425cu/web-client-311293/src/hooks/useBoolean.ts (ext=.ts, size=564)
2026-01-28 00:58:11,849 - Knowledge - INFO - Worker kw2 processing /app/data/T0015/311293/b0425cu/web-client-311293/src/services/widgets.ts
2026-01-28 00:58:11,936 - Knowledge - INFO - Worker kw3 processing /app/data/T0015/311293/b0425cu/web-client-311293/src/styles/main.css
2026-01-28 00:58:12,063 - Knowledge - INFO - Fast-tracked /app/data/T0015/311293/b0425cu/web-client-311293/src/models/RemediationComplexity.ts (ext=.ts, size=218)
2026-01-28 00:58:12,140 - Knowledge - INFO - Worker kw5 processing /app/data/T0015/311293/b0425cu/web-client-311293/src/models/CustomField.ts
2026-01-28 00:58:12,267 - Knowledge - INFO - Worker kw6 processing /app/data/T0015/311293/b0425cu/web-client-311293/src/models/themes/index.ts
2026-01-28 00:58:12,346 - Knowledge - INFO - Worker kw7 processing /app/data/T0015/311293/b0425cu/web-client-311293/src/models/Report.ts
2026-01-28 00:58:12,486 - Knowledge - INFO - Fast-tracked /app/data/T0015/311293/b0425cu/web-client-311293/src/models/ProjectVulnerabilityMetrics.ts (ext=.ts, size=171)
2026-01-28 00:58:12,562 - Knowledge - INFO - Worker kw9 processing /app/data/T0015/311293/b0425cu/web-client-311293/src/utilities/requests.ts
2026-01-28 00:58:12,651 - Knowledge - INFO - Batch sizing: calculated=6, max_allowed=10, queue=326, active_workers=9/11
2026-01-28 00:58:12,735 - Knowledge - INFO - [kw11] Queue=320, InProgress=0, PendingWorkers=9/11, Completed=0/374 (0.0%)
2026-01-28 00:58:12,825 - Knowledge - INFO - knowledge worker kw12 start
2026-01-28 00:58:12,826 - Knowledge - INFO - Worker kw13 created using shared MongoDB connection pool
2026-01-28 00:58:12,945 - Knowledge - INFO - Worker kw1 processing /app/data/T0015/311293/b0425cu/web-client-311293/src/hooks/useTheme.ts
2026-01-28 00:58:13,033 - Knowledge - INFO - Fast-tracked /app/data/T0015/311293/b0425cu/web-client-311293/src/services/widgets.ts (ext=.ts, size=381)
2026-01-28 00:58:13,129 - Knowledge - INFO - Fast-tracked /app/data/T0015/311293/b0425cu/web-client-311293/src/styles/main.css (ext=.css, size=1138)
2026-01-28 00:58:13,271 - Knowledge - INFO - Worker kw4 processing /app/data/T0015/311293/b0425cu/web-client-311293/src/models/TaskStatuses.ts
2026-01-28 00:58:13,373 - Knowledge - INFO - Fast-tracked /app/data/T0015/311293/b0425cu/web-client-311293/src/models/CustomField.ts (ext=.ts, size=336)
2026-01-28 00:58:13,445 - Knowledge - INFO - Fast-tracked /app/data/T0015/311293/b0425cu/web-client-311293/src/models/themes/index.ts (ext=.ts, size=222)
2026-01-28 00:58:13,537 - Knowledge - INFO - Fast-tracked /app/data/T0015/311293/b0425cu/web-client-311293/src/models/Report.ts (ext=.ts, size=565)
2026-01-28 00:58:13,627 - Knowledge - INFO - Worker kw8 processing /app/data/T0015/311293/b0425cu/web-client-311293/src/models/VulnerabilityCategory.ts
2026-01-28 00:58:13,722 - Knowledge - INFO - Fast-tracked /app/data/T0015/311293/b0425cu/web-client-311293/src/utilities/requests.ts (ext=.ts, size=1683)
2026-01-28 00:58:13,792 - Knowledge - INFO - Worker kw10 processing /app/data/T0015/311293/b0425cu/web-client-311293/src/translations/fr/common.json
2026-01-28 00:58:13,879 - Knowledge - INFO - Batch sizing: calculated=6, max_allowed=10, queue=320, active_workers=10/12
2026-01-28 00:58:13,967 - Knowledge - INFO - [kw12] Queue=314, InProgress=0, PendingWorkers=10/12, Completed=0/374 (0.0%)
2026-01-28 00:58:14,048 - Knowledge - INFO - knowledge worker kw13 start
2026-01-28 00:58:14,048 - Knowledge - INFO - Worker kw14 created using shared MongoDB connection pool
2026-01-28 00:58:14,131 - Knowledge - INFO - Fast-tracked /app/data/T0015/311293/b0425cu/web-client-311293/src/hooks/useTheme.ts (ext=.ts, size=1050)
2026-01-28 00:58:14,209 - Knowledge - INFO - Worker kw2 processing /app/data/T0015/311293/b0425cu/web-client-311293/src/services/commands/arguments.ts
2026-01-28 00:58:14,301 - Knowledge - INFO - Worker kw3 processing /app/data/T0015/311293/b0425cu/web-client-311293/src/models/OrganisationTypes.ts
2026-01-28 00:58:14,385 - Knowledge - INFO - Fast-tracked /app/data/T0015/311293/b0425cu/web-client-311293/src/models/TaskStatuses.ts (ext=.ts, size=160)
2026-01-28 00:58:14,465 - Knowledge - INFO - Worker kw5 processing /app/data/T0015/311293/b0425cu/web-client-311293/src/models/Notification.ts
2026-01-28 00:58:14,543 - Knowledge - INFO - Worker kw6 processing /app/data/T0015/311293/b0425cu/web-client-311293/src/models/Attachment.ts
2026-01-28 00:58:14,625 - Knowledge - INFO - Worker kw7 processing /app/data/T0015/311293/b0425cu/web-client-311293/src/models/Vault.ts
2026-01-28 00:58:14,716 - Knowledge - INFO - Fast-tracked /app/data/T0015/311293/b0425cu/web-client-311293/src/models/VulnerabilityCategory.ts (ext=.ts, size=548)
2026-01-28 00:58:14,800 - Knowledge - INFO - Worker kw9 processing /app/data/T0015/311293/b0425cu/web-client-311293/src/utilities/WebsocketState.ts
2026-01-28 00:58:14,896 - Knowledge - INFO - Fast-tracked /app/data/T0015/311293/b0425cu/web-client-311293/src/translations/fr/common.json (ext=.json, size=125)
2026-01-28 00:58:14,969 - Knowledge - INFO - Worker kw11 processing /app/data/T0015/311293/b0425cu/web-client-311293/src/translations/de/common.json
2026-01-28 00:58:15,065 - Knowledge - INFO - Batch sizing: calculated=6, max_allowed=10, queue=314, active_workers=11/13
2026-01-28 00:58:15,147 - Knowledge - INFO - [kw13] Queue=308, InProgress=0, PendingWorkers=11/13, Completed=0/374 (0.0%)
2026-01-28 00:58:15,268 - Knowledge - INFO - knowledge worker kw14 start
2026-01-28 00:58:15,268 - Knowledge - INFO - Worker kw15 created using shared MongoDB connection pool
2026-01-28 00:58:15,356 - Knowledge - INFO - Fast-tracked /app/data/T0015/311293/b0425cu/web-client-311293/src/contexts/WebsocketContext.jsx (small file (2591 bytes))
2026-01-28 00:58:15,440 - Knowledge - INFO - Fast-tracked /app/data/T0015/311293/b0425cu/web-client-311293/src/services/commands/arguments.ts (ext=.ts, size=1113)
2026-01-28 00:58:15,517 - Knowledge - INFO - Fast-tracked /app/data/T0015/311293/b0425cu/web-client-311293/src/models/OrganisationTypes.ts (ext=.ts, size=154)
2026-01-28 00:58:15,600 - Knowledge - INFO - Worker kw4 processing /app/data/T0015/311293/b0425cu/web-client-311293/src/models/User.ts
2026-01-28 00:58:15,717 - Knowledge - INFO - Fast-tracked /app/data/T0015/311293/b0425cu/web-client-311293/src/models/Notification.ts (ext=.ts, size=346)
2026-01-28 00:58:15,799 - Knowledge - INFO - Fast-tracked /app/data/T0015/311293/b0425cu/web-client-311293/src/models/Attachment.ts (ext=.ts, size=713)
2026-01-28 00:58:15,876 - Knowledge - INFO - Fast-tracked /app/data/T0015/311293/b0425cu/web-client-311293/src/models/Vault.ts (ext=.ts, size=704)
2026-01-28 00:58:15,956 - Knowledge - INFO - Worker kw8 processing /app/data/T0015/311293/b0425cu/web-client-311293/src/models/Note.ts
2026-01-28 00:58:16,061 - Knowledge - INFO - Fast-tracked /app/data/T0015/311293/b0425cu/web-client-311293/src/utilities/WebsocketState.ts (ext=.ts, size=330)
2026-01-28 00:58:16,179 - Knowledge - INFO - Worker kw10 processing /app/data/T0015/311293/b0425cu/web-client-311293/src/translations/pt/application.json
2026-01-28 00:58:16,267 - Knowledge - INFO - Fast-tracked /app/data/T0015/311293/b0425cu/web-client-311293/src/translations/de/common.json (ext=.json, size=132)
2026-01-28 00:58:16,393 - Knowledge - INFO - Worker kw12 processing /app/data/T0015/311293/b0425cu/web-client-311293/src/api/reports.ts
2026-01-28 00:58:16,481 - Knowledge - INFO - Batch sizing: calculated=6, max_allowed=10, queue=308, active_workers=12/14
2026-01-28 00:58:16,554 - Knowledge - INFO - [kw14] Queue=302, InProgress=0, PendingWorkers=12/14, Completed=0/374 (0.0%)
2026-01-28 00:58:16,632 - Knowledge - INFO - knowledge worker kw15 start
2026-01-28 00:58:16,632 - Knowledge - INFO - Worker kw16 created using shared MongoDB connection pool
2026-01-28 00:58:16,772 - Knowledge - INFO - Processing batch of 6 files
2026-01-28 00:58:16,993 - Knowledge - INFO - Fast-tracked /app/data/T0015/311293/b0425cu/web-client-311293/src/models/User.ts (ext=.ts, size=890)
2026-01-28 00:58:17,087 - Knowledge - INFO - Worker kw5 processing /app/data/T0015/311293/b0425cu/web-client-311293/src/models/Project.ts
2026-01-28 00:58:17,172 - Knowledge - INFO - Worker kw6 processing /app/data/T0015/311293/b0425cu/web-client-311293/src/models/Contact.ts
2026-01-28 00:58:17,259 - Knowledge - INFO - Worker kw7 processing /app/data/T0015/311293/b0425cu/web-client-311293/src/models/UserRoles.ts
2026-01-28 00:58:17,359 - Knowledge - INFO - Fast-tracked /app/data/T0015/311293/b0425cu/web-client-311293/src/models/Note.ts (ext=.ts, size=343)
2026-01-28 00:58:17,440 - Knowledge - INFO - Worker kw9 processing /app/data/T0015/311293/b0425cu/web-client-311293/src/utilities/memoryStore.ts
2026-01-28 00:58:17,523 - Knowledge - INFO - Fast-tracked /app/data/T0015/311293/b0425cu/web-client-311293/src/translations/pt/application.json (ext=.json, size=2948)
2026-01-28 00:58:17,655 - Knowledge - INFO - Worker kw11 processing /app/data/T0015/311293/b0425cu/web-client-311293/src/translations/i18n.ts
2026-01-28 00:58:18,128 - Knowledge - INFO - Fast-tracked /app/data/T0015/311293/b0425cu/web-client-311293/src/services/api.ts (small file (2479 bytes))
2026-01-28 00:58:17,839 - Knowledge - INFO - Worker kw13 processing /app/data/T0015/311293/b0425cu/web-client-311293/src/api/requests/organisations.ts
2026-01-28 00:58:17,952 - Knowledge - INFO - Batch sizing: calculated=6, max_allowed=10, queue=302, active_workers=13/15
2026-01-28 00:58:18,045 - Knowledge - INFO - [kw15] Queue=296, InProgress=0, PendingWorkers=13/15, Completed=6/374 (1.6%)
2026-01-28 00:58:17,752 - Knowledge - INFO - Fast-tracked /app/data/T0015/311293/b0425cu/web-client-311293/src/api/reports.ts (ext=.ts, size=862)
2026-01-28 00:58:18,139 - Knowledge - INFO - knowledge worker kw16 start
2026-01-28 00:58:18,139 - Knowledge - INFO - Worker kw17 created using shared MongoDB connection pool
2026-01-28 00:58:18,239 - Knowledge - INFO - process ingested knowledge for /app/data/T0015/311293/b0425cu/web-client-311293/src/contexts/AuthContext.jsx
2026-01-28 00:58:18,321 - Knowledge - INFO - Worker kw4 processing /app/data/T0015/311293/b0425cu/web-client-311293/src/models/Command.ts
2026-01-28 00:58:18,413 - Knowledge - INFO - Fast-tracked /app/data/T0015/311293/b0425cu/web-client-311293/src/models/Project.ts (ext=.ts, size=637)
2026-01-28 00:58:18,511 - Knowledge - INFO - Fast-tracked /app/data/T0015/311293/b0425cu/web-client-311293/src/models/Contact.ts (ext=.ts, size=420)
2026-01-28 00:58:18,640 - Knowledge - INFO - Fast-tracked /app/data/T0015/311293/b0425cu/web-client-311293/src/models/UserRoles.ts (ext=.ts, size=218)
2026-01-28 00:58:18,971 - Knowledge - INFO - Worker kw8 processing /app/data/T0015/311293/b0425cu/web-client-311293/src/models/VulnerabilityStatuses.ts
2026-01-28 00:58:19,057 - Knowledge - INFO - Fast-tracked /app/data/T0015/311293/b0425cu/web-client-311293/src/utilities/memoryStore.ts (ext=.ts, size=566)
2026-01-28 00:58:19,145 - Knowledge - INFO - Worker kw10 processing /app/data/T0015/311293/b0425cu/web-client-311293/src/translations/pt/common.json
2026-01-28 00:58:19,236 - Knowledge - INFO - Fast-tracked /app/data/T0015/311293/b0425cu/web-client-311293/src/translations/i18n.ts (ext=.ts, size=1963)
2026-01-28 00:58:19,423 - Knowledge - INFO - Fast-tracked /app/data/T0015/311293/b0425cu/web-client-311293/src/api/requests/organisations.ts (ext=.ts, size=1096)
2026-01-28 00:58:19,505 - Knowledge - INFO - Worker kw14 processing /app/data/T0015/311293/b0425cu/web-client-311293/src/api/requests/tasks.ts
2026-01-28 00:58:19,623 - Knowledge - INFO - Batch sizing: calculated=6, max_allowed=10, queue=296, active_workers=14/16
2026-01-28 00:58:19,712 - Knowledge - INFO - Worker kw12 processing /app/data/T0015/311293/b0425cu/web-client-311293/src/api/requests/assets.ts
2026-01-28 00:58:19,839 - Knowledge - INFO - [kw16] Queue=290, InProgress=0, PendingWorkers=14/16, Completed=6/374 (1.6%)
2026-01-28 00:58:19,927 - Knowledge - INFO - Worker kw18 created using shared MongoDB connection pool
2026-01-28 00:58:19,927 - Knowledge - INFO - knowledge worker kw17 start
2026-01-28 00:58:20,025 - Knowledge - INFO - process ingested knowledge for /app/data/T0015/311293/b0425cu/web-client-311293/src/contexts/WebsocketContext.jsx
2026-01-28 00:58:20,129 - Knowledge - INFO - Fast-tracked /app/data/T0015/311293/b0425cu/web-client-311293/src/models/Command.ts (ext=.ts, size=365)
2026-01-28 00:58:20,227 - Knowledge - INFO - Worker kw5 processing /app/data/T0015/311293/b0425cu/web-client-311293/src/models/Target.ts
2026-01-28 00:58:20,379 - Knowledge - INFO - Worker kw6 processing /app/data/T0015/311293/b0425cu/web-client-311293/src/models/Risks.ts
2026-01-28 00:58:20,478 - Knowledge - INFO - Worker kw7 processing /app/data/T0015/311293/b0425cu/web-client-311293/src/models/CommandUsage.ts
2026-01-28 00:58:20,582 - Knowledge - INFO - Fast-tracked /app/data/T0015/311293/b0425cu/web-client-311293/src/models/VulnerabilityStatuses.ts (ext=.ts, size=632)
2026-01-28 00:58:20,683 - Knowledge - INFO - Worker kw9 processing /app/data/T0015/311293/b0425cu/web-client-311293/src/translations/es/application.json
2026-01-28 00:58:20,792 - Knowledge - INFO - Fast-tracked /app/data/T0015/311293/b0425cu/web-client-311293/src/translations/pt/common.json (ext=.json, size=125)
2026-01-28 00:58:20,861 - Knowledge - INFO - Worker kw11 processing /app/data/T0015/311293/b0425cu/web-client-311293/src/translations/LanguageList.ts
2026-01-28 00:58:21,010 - Knowledge - INFO - Worker kw13 processing /app/data/T0015/311293/b0425cu/web-client-311293/src/api/requests/auditlog.ts
2026-01-28 00:58:21,114 - Knowledge - INFO - Fast-tracked /app/data/T0015/311293/b0425cu/web-client-311293/src/api/requests/tasks.ts (ext=.ts, size=1429)
2026-01-28 00:58:21,196 - Knowledge - INFO - Worker kw15 processing /app/data/T0015/311293/b0425cu/web-client-311293/src/api/requests/notifications.ts
2026-01-28 00:58:21,281 - Knowledge - INFO - Fast-tracked /app/data/T0015/311293/b0425cu/web-client-311293/src/api/requests/assets.ts (ext=.ts, size=1127)
2026-01-28 00:58:21,370 - Knowledge - INFO - Batch sizing: calculated=6, max_allowed=10, queue=290, active_workers=15/17
2026-01-28 00:58:21,462 - Knowledge - INFO - knowledge worker kw18 start
2026-01-28 00:58:21,462 - Knowledge - INFO - Worker kw19 created using shared MongoDB connection pool
2026-01-28 00:58:21,613 - Knowledge - INFO - [kw17] Queue=284, InProgress=0, PendingWorkers=15/18, Completed=6/374 (1.6%)
2026-01-28 00:58:21,692 - Knowledge - INFO - process ingested knowledge for /app/data/T0015/311293/b0425cu/web-client-311293/src/hooks/useQuery.ts
2026-01-28 00:58:21,852 - Knowledge - INFO - Processing batch of 6 files
2026-01-28 00:58:21,894 - Knowledge - INFO - Fast-tracked /app/data/T0015/311293/b0425cu/web-client-311293/src/models/Target.ts (ext=.ts, size=408)
2026-01-28 00:58:22,001 - Knowledge - INFO - Fast-tracked /app/data/T0015/311293/b0425cu/web-client-311293/src/models/Risks.ts (ext=.ts, size=222)
2026-01-28 00:58:22,130 - Knowledge - INFO - Fast-tracked /app/data/T0015/311293/b0425cu/web-client-311293/src/models/CommandUsage.ts (ext=.ts, size=555)
2026-01-28 00:58:22,258 - Knowledge - INFO - Worker kw8 processing /app/data/T0015/311293/b0425cu/web-client-311293/src/models/Vulnerability.ts
2026-01-28 00:58:22,362 - Knowledge - INFO - Fast-tracked /app/data/T0015/311293/b0425cu/web-client-311293/src/translations/es/application.json (ext=.json, size=2951)
2026-01-28 00:58:22,457 - Knowledge - INFO - Worker kw10 processing /app/data/T0015/311293/b0425cu/web-client-311293/src/translations/cn/application.json
2026-01-28 00:58:22,587 - Knowledge - INFO - Fast-tracked /app/data/T0015/311293/b0425cu/web-client-311293/src/translations/LanguageList.ts (ext=.ts, size=333)
2026-01-28 00:58:22,709 - Knowledge - INFO - Fast-tracked /app/data/T0015/311293/b0425cu/web-client-311293/src/api/requests/auditlog.ts (ext=.ts, size=394)
2026-01-28 00:58:22,789 - Knowledge - INFO - Worker kw14 processing /app/data/T0015/311293/b0425cu/web-client-311293/src/api/requests/vulnerabilities.ts
2026-01-28 00:58:22,887 - Knowledge - INFO - Fast-tracked /app/data/T0015/311293/b0425cu/web-client-311293/src/api/requests/notifications.ts (ext=.ts, size=915)
2026-01-28 00:58:22,987 - Knowledge - INFO - Worker kw12 processing /app/data/T0015/311293/b0425cu/web-client-311293/src/api/requests/contacts.ts
2026-01-28 00:58:23,118 - Knowledge - INFO - Worker kw16 processing /app/data/T0015/311293/b0425cu/web-client-311293/src/api/vault.ts
2026-01-28 00:58:23,279 - Knowledge - INFO - [kw18] Queue=278, InProgress=0, PendingWorkers=16/18, Completed=12/374 (3.2%)
2026-01-28 00:58:23,413 - Knowledge - INFO - knowledge worker kw19 start
2026-01-28 00:58:23,414 - Knowledge - INFO - Worker kw20 created using shared MongoDB connection pool
2026-01-28 00:58:23,570 - Knowledge - INFO - Batch sizing: calculated=6, max_allowed=10, queue=284, active_workers=16/19
2026-01-28 00:58:23,712 - Knowledge - INFO - process ingested knowledge for /app/data/T0015/311293/b0425cu/web-client-311293/src/hooks/useToggle.ts
2026-01-28 00:58:23,855 - Knowledge - INFO - process ingested knowledge for /app/data/T0015/311293/b0425cu/web-client-311293/src/models/Task.ts
2026-01-28 00:58:23,952 - Knowledge - INFO - [LLM_CALL] Completed: passwords.ts:chunk1, Duration: 7052ms, PromptTokens: 2598, CompletionTokens: 298, Cost: $0.00038
2026-01-28 00:58:24,204 - Knowledge - INFO - Worker kw7 processing /app/data/T0015/311293/b0425cu/web-client-311293/src/models/TargetKinds.ts
2026-01-28 00:58:24,286 - Knowledge - INFO - Fast-tracked /app/data/T0015/311293/b0425cu/web-client-311293/src/models/Vulnerability.ts (ext=.ts, size=1736)
2026-01-28 00:58:24,366 - Knowledge - INFO - Worker kw9 processing /app/data/T0015/311293/b0425cu/web-client-311293/src/translations/es/common.json
2026-01-28 00:58:24,473 - Knowledge - INFO - Fast-tracked /app/data/T0015/311293/b0425cu/web-client-311293/src/translations/cn/application.json (ext=.json, size=352)
2026-01-28 00:58:24,570 - Knowledge - INFO - Worker kw11 processing /app/data/T0015/311293/b0425cu/web-client-311293/src/translations/en/common.json
2026-01-28 00:58:24,650 - Knowledge - INFO - Worker kw13 processing /app/data/T0015/311293/b0425cu/web-client-311293/src/api/requests/attachments.ts
2026-01-28 00:58:24,731 - Knowledge - INFO - Fast-tracked /app/data/T0015/311293/b0425cu/web-client-311293/src/api/requests/vulnerabilities.ts (ext=.ts, size=1993)
2026-01-28 00:58:24,812 - Knowledge - INFO - Worker kw15 processing /app/data/T0015/311293/b0425cu/web-client-311293/src/api/requests/projects.ts
2026-01-28 00:58:24,903 - Knowledge - INFO - Fast-tracked /app/data/T0015/311293/b0425cu/web-client-311293/src/api/requests/contacts.ts (ext=.ts, size=323)
2026-01-28 00:58:25,022 - Knowledge - INFO - Fast-tracked /app/data/T0015/311293/b0425cu/web-client-311293/src/api/vault.ts (ext=.ts, size=563)
2026-01-28 00:58:25,104 - Knowledge - INFO - Batch sizing: calculated=6, max_allowed=10, queue=278, active_workers=16/19
2026-01-28 00:58:25,192 - Knowledge - INFO - [kw19] Queue=278, InProgress=0, PendingWorkers=16/19, Completed=13/374 (3.5%)
2026-01-28 00:58:25,320 - Knowledge - INFO - knowledge worker kw20 start
2026-01-28 00:58:25,532 - Knowledge - INFO - process ingested knowledge for /app/data/T0015/311293/b0425cu/web-client-311293/src/hooks/useBoolean.ts
2026-01-28 00:58:25,658 - Knowledge - INFO - process ingested knowledge for /app/data/T0015/311293/b0425cu/web-client-311293/src/models/RemediationPriority.ts
2026-01-28 00:58:25,743 - Knowledge - INFO - done ingest for /app/data/T0015/311293/b0425cu/web-client-311293/src/services/passwords.ts
2026-01-28 00:58:25,745 - Knowledge - INFO - [LLM_CALL] Completed: App.jsx:chunk1, Duration: 8936ms, PromptTokens: 1970, CompletionTokens: 386, Cost: $0.00035
2026-01-28 00:58:25,868 - Knowledge - INFO - Fast-tracked /app/data/T0015/311293/b0425cu/web-client-311293/src/models/TargetKinds.ts (ext=.ts, size=497)
2026-01-28 00:58:25,985 - Knowledge - INFO - Worker kw8 processing /app/data/T0015/311293/b0425cu/web-client-311293/src/utilities/domUtils.ts
2026-01-28 00:58:26,076 - Knowledge - INFO - Fast-tracked /app/data/T0015/311293/b0425cu/web-client-311293/src/translations/es/common.json (ext=.json, size=125)
2026-01-28 00:58:26,149 - Knowledge - INFO - Worker kw10 processing /app/data/T0015/311293/b0425cu/web-client-311293/src/translations/cn/common.json
2026-01-28 00:58:26,242 - Knowledge - INFO - Fast-tracked /app/data/T0015/311293/b0425cu/web-client-311293/src/translations/en/common.json (ext=.json, size=122)
2026-01-28 00:58:26,373 - Knowledge - INFO - Fast-tracked /app/data/T0015/311293/b0425cu/web-client-311293/src/api/requests/attachments.ts (ext=.ts, size=1175)
2026-01-28 00:58:26,457 - Knowledge - INFO - Worker kw14 processing /app/data/T0015/311293/b0425cu/web-client-311293/src/api/requests/commands.ts
2026-01-28 00:58:26,533 - Knowledge - INFO - Worker kw15 processing /app/data/T0015/311293/b0425cu/web-client-311293/src/api/community.ts
2026-01-28 00:58:26,608 - Knowledge - INFO - Worker kw12 processing /app/data/T0015/311293/b0425cu/web-client-311293/src/api/requests/reports.ts
2026-01-28 00:58:26,729 - Knowledge - INFO - Worker kw16 processing /app/data/T0015/311293/b0425cu/web-client-311293/src/api/comments.ts
2026-01-28 00:58:26,887 - Knowledge - INFO - Batch sizing: calculated=6, max_allowed=10, queue=278, active_workers=18/20
2026-01-28 00:58:26,979 - Knowledge - INFO - [kw20] Queue=266, InProgress=0, PendingWorkers=18/20, Completed=13/374 (3.5%)
2026-01-28 00:58:27,060 - Knowledge - INFO - process ingested knowledge for /app/data/T0015/311293/b0425cu/web-client-311293/src/hooks/useTheme.ts
2026-01-28 00:58:27,158 - Knowledge - INFO - process ingested knowledge for /app/data/T0015/311293/b0425cu/web-client-311293/src/models/RemediationComplexity.ts
2026-01-28 00:58:27,325 - Knowledge - INFO - done ingest for /app/data/T0015/311293/b0425cu/web-client-311293/src/App.jsx
2026-01-28 00:58:27,328 - Knowledge - INFO - Worker kw17 processing /app/data/T0015/311293/b0425cu/web-client-311293/src/api/documents.ts
2026-01-28 00:58:27,331 - Knowledge - INFO - Worker kw18 processing /app/data/T0015/311293/b0425cu/web-client-311293/src/components/form/NativeTabs.jsx
2026-01-28 00:58:27,392 - Knowledge - INFO - Processing batch of 6 files
2026-01-28 00:58:27,392 - Knowledge - INFO - Processing batch of 6 files
2026-01-28 00:58:27,460 - Knowledge - INFO - Processing batch of 6 files
2026-01-28 00:58:27,499 - Knowledge - INFO - Fast-tracked /app/data/T0015/311293/b0425cu/web-client-311293/src/utilities/domUtils.ts (ext=.ts, size=192)
2026-01-28 00:58:27,583 - Knowledge - INFO - Worker kw9 processing /app/data/T0015/311293/b0425cu/web-client-311293/src/translations/fr/application.json
2026-01-28 00:58:27,687 - Knowledge - INFO - Fast-tracked /app/data/T0015/311293/b0425cu/web-client-311293/src/translations/cn/common.json (ext=.json, size=124)
2026-01-28 00:58:27,765 - Knowledge - INFO - Worker kw11 processing /app/data/T0015/311293/b0425cu/web-client-311293/src/ServerUrls.ts
2026-01-28 00:58:27,851 - Knowledge - INFO - Worker kw13 processing /app/data/T0015/311293/b0425cu/web-client-311293/src/api/requests/vault.ts
2026-01-28 00:58:27,972 - Knowledge - INFO - Worker kw14 processing /app/data/T0015/311293/b0425cu/web-client-311293/src/api/requests/users.ts
2026-01-28 00:58:28,059 - Knowledge - INFO - Fast-tracked /app/data/T0015/311293/b0425cu/web-client-311293/src/api/community.ts (ext=.ts, size=747)
2026-01-28 00:58:28,134 - Knowledge - INFO - Fast-tracked /app/data/T0015/311293/b0425cu/web-client-311293/src/api/requests/reports.ts (ext=.ts, size=737)
2026-01-28 00:58:28,233 - Knowledge - INFO - Fast-tracked /app/data/T0015/311293/b0425cu/web-client-311293/src/api/comments.ts (ext=.ts, size=1074)
2026-01-28 00:58:28,310 - Knowledge - INFO - Worker kw19 processing /app/data/T0015/311293/b0425cu/web-client-311293/src/components/form/NativeButton.jsx
2026-01-28 00:58:28,389 - Knowledge - INFO - Batch sizing: calculated=6, max_allowed=10, queue=266, active_workers=19/20
2026-01-28 00:58:28,619 - Knowledge - INFO - process ingested knowledge for /app/data/T0015/311293/b0425cu/web-client-311293/src/models/TaskStatuses.ts
2026-01-28 00:58:28,760 - Knowledge - INFO - Processing batch of 6 files
2026-01-28 00:58:28,784 - Knowledge - INFO - Fast-tracked /app/data/T0015/311293/b0425cu/web-client-311293/src/api/documents.ts (ext=.ts, size=1324)
2026-01-28 00:58:28,872 - Knowledge - INFO - Fast-tracked /app/data/T0015/311293/b0425cu/web-client-311293/src/components/form/NativeTabs.jsx (ext=.jsx, size=830)
2026-01-28 00:58:28,992 - Knowledge - INFO - process ingested knowledge for /app/data/T0015/311293/b0425cu/web-client-311293/src/services/userPreferences.ts
2026-01-28 00:58:29,109 - Knowledge - INFO - process ingested knowledge for /app/data/T0015/311293/b0425cu/web-client-311293/src/models/Document.ts
2026-01-28 00:58:29,147 - Knowledge - INFO - [WEBSOCKET] Sent: Type=progress_update, Size: 288, Duration: 0ms
2026-01-28 00:58:29,196 - Knowledge - INFO - process ingested knowledge for /app/data/T0015/311293/b0425cu/web-client-311293/src/models/CommandSchedule.ts
2026-01-28 00:58:29,369 - Knowledge - INFO - Fast-tracked /app/data/T0015/311293/b0425cu/web-client-311293/src/translations/fr/application.json (ext=.json, size=2969)
2026-01-28 00:58:29,464 - Knowledge - INFO - Worker kw10 processing /app/data/T0015/311293/b0425cu/web-client-311293/src/translations/de/application.json
2026-01-28 00:58:29,585 - Knowledge - INFO - Fast-tracked /app/data/T0015/311293/b0425cu/web-client-311293/src/ServerUrls.ts (ext=.ts, size=266)
2026-01-28 00:58:29,695 - Knowledge - INFO - Fast-tracked /app/data/T0015/311293/b0425cu/web-client-311293/src/api/requests/vault.ts (ext=.ts, size=262)
2026-01-28 00:58:29,795 - Knowledge - INFO - Worker kw14 processing /app/data/T0015/311293/b0425cu/web-client-311293/src/api/requests/documents.ts
2026-01-28 00:58:29,902 - Knowledge - INFO - Worker kw15 processing /app/data/T0015/311293/b0425cu/web-client-311293/src/api/system.ts
2026-01-28 00:58:29,977 - Knowledge - INFO - Worker kw12 processing /app/data/T0015/311293/b0425cu/web-client-311293/src/api/requests/community.ts
2026-01-28 00:58:30,081 - Knowledge - INFO - Worker kw16 processing /app/data/T0015/311293/b0425cu/web-client-311293/src/api/tasks.ts
2026-01-28 00:58:30,240 - Knowledge - INFO - Fast-tracked /app/data/T0015/311293/b0425cu/web-client-311293/src/components/form/NativeButton.jsx (ext=.jsx, size=260)
2026-01-28 00:58:30,455 - Knowledge - INFO - process ingested knowledge for /app/data/T0015/311293/b0425cu/web-client-311293/src/models/User.ts
2026-01-28 00:58:30,583 - Knowledge - INFO - process ingested knowledge for /app/data/T0015/311293/b0425cu/web-client-311293/src/hooks/useDocumentTitle.ts
2026-01-28 00:58:30,699 - Knowledge - INFO - Worker kw17 processing /app/data/T0015/311293/b0425cu/web-client-311293/src/api/clients.ts
2026-01-28 00:58:30,780 - Knowledge - INFO - Worker kw18 processing /app/data/T0015/311293/b0425cu/web-client-311293/src/components/form/DynamicForm.jsx
2026-01-28 00:58:30,868 - Knowledge - INFO - process ingested knowledge for /app/data/T0015/311293/b0425cu/web-client-311293/src/services/permissions.ts
2026-01-28 00:58:30,944 - Knowledge - INFO - process ingested knowledge for /app/data/T0015/311293/b0425cu/web-client-311293/src/models/Client.ts
2026-01-28 00:58:31,037 - Knowledge - INFO - [WEBSOCKET] Sent: Type=unknown, Size: ?, Duration: 1889ms
2026-01-28 00:58:31,194 - Knowledge - INFO - process ingested knowledge for /app/data/T0015/311293/b0425cu/web-client-311293/src/models/Report.ts
2026-01-28 00:58:31,415 - Knowledge - INFO - Fast-tracked /app/data/T0015/311293/b0425cu/web-client-311293/src/translations/de/application.json (ext=.json, size=2881)
2026-01-28 00:58:31,497 - Knowledge - INFO - Worker kw11 processing /app/data/T0015/311293/b0425cu/web-client-311293/src/api/assets.ts
2026-01-28 00:58:31,575 - Knowledge - INFO - Worker kw13 processing /app/data/T0015/311293/b0425cu/web-client-311293/src/api/requests/session.ts
2026-01-28 00:58:31,693 - Knowledge - INFO - Fast-tracked /app/data/T0015/311293/b0425cu/web-client-311293/src/api/requests/documents.ts (ext=.ts, size=844)
2026-01-28 00:58:31,782 - Knowledge - INFO - Worker kw15 processing /app/data/T0015/311293/b0425cu/web-client-311293/src/api/auditlog.ts
2026-01-28 00:58:31,867 - Knowledge - INFO - Fast-tracked /app/data/T0015/311293/b0425cu/web-client-311293/src/api/requests/community.ts (ext=.ts, size=212)
2026-01-28 00:58:31,973 - Knowledge - INFO - Fast-tracked /app/data/T0015/311293/b0425cu/web-client-311293/src/api/tasks.ts (ext=.ts, size=884)
2026-01-28 00:58:32,031 - Knowledge - INFO - Worker kw19 processing /app/data/T0015/311293/b0425cu/web-client-311293/src/components/form/HorizontalLabelledField.jsx
2026-01-28 00:58:32,114 - Knowledge - INFO - process ingested knowledge for /app/data/T0015/311293/b0425cu/web-client-311293/src/models/Command.ts
2026-01-28 00:58:32,213 - Knowledge - INFO - process ingested knowledge for /app/data/T0015/311293/b0425cu/web-client-311293/src/App.jsx
2026-01-28 00:58:32,307 - Knowledge - INFO - Fast-tracked /app/data/T0015/311293/b0425cu/web-client-311293/src/api/clients.ts (ext=.ts, size=1555)
2026-01-28 00:58:32,387 - Knowledge - INFO - Fast-tracked /app/data/T0015/311293/b0425cu/web-client-311293/src/components/form/DynamicForm.jsx (ext=.jsx, size=1150)
2026-01-28 00:58:32,474 - Knowledge - INFO - process ingested knowledge for /app/data/T0015/311293/b0425cu/web-client-311293/src/services/passwords.ts
2026-01-28 00:58:32,566 - Knowledge - INFO - process ingested knowledge for /app/data/T0015/311293/b0425cu/web-client-311293/src/models/CustomField.ts
2026-01-28 00:58:32,647 - Knowledge - INFO - Progress: 9.6% | Files: 38/374 | Rate: 1.13 files/sec | Queue: 254
2026-01-28 00:58:32,650 - Knowledge - INFO - Worker kw20 processing /app/data/T0015/311293/b0425cu/web-client-311293/src/components/attachments/AttachmentsTable.jsx
2026-01-28 00:58:32,698 - Knowledge - INFO - Processing batch of 6 files
2026-01-28 00:58:32,704 - Knowledge - INFO - Processing batch of 6 files
2026-01-28 00:58:32,743 - Knowledge - INFO - process ingested knowledge for /app/data/T0015/311293/b0425cu/web-client-311293/src/models/Vault.ts
2026-01-28 00:58:32,818 - Knowledge - INFO - Processing batch of 6 files
2026-01-28 00:58:32,915 - Knowledge - INFO - Fast-tracked /app/data/T0015/311293/b0425cu/web-client-311293/src/api/assets.ts (ext=.ts, size=879)
2026-01-28 00:58:33,028 - Knowledge - INFO - Fast-tracked /app/data/T0015/311293/b0425cu/web-client-311293/src/api/requests/session.ts (ext=.ts, size=267)
2026-01-28 00:58:33,124 - Knowledge - INFO - Worker kw14 processing /app/data/T0015/311293/b0425cu/web-client-311293/src/api/requests/agents.ts
2026-01-28 00:58:33,166 - Knowledge - INFO - [LLM_CALL] Completed: Widgets.jsx:chunk1, Duration: 5838ms, PromptTokens: 2196, CompletionTokens: 368, Cost: $0.00037
2026-01-28 00:58:33,211 - Knowledge - INFO - Fast-tracked /app/data/T0015/311293/b0425cu/web-client-311293/src/api/auditlog.ts (ext=.ts, size=537)
2026-01-28 00:58:33,286 - Knowledge - INFO - Worker kw12 processing /app/data/T0015/311293/b0425cu/web-client-311293/src/api/requests/system.ts
2026-01-28 00:58:33,384 - Knowledge - INFO - Worker kw16 processing /app/data/T0015/311293/b0425cu/web-client-311293/src/api/vulnerabilities.ts
2026-01-28 00:58:33,484 - Knowledge - INFO - Fast-tracked /app/data/T0015/311293/b0425cu/web-client-311293/src/components/form/HorizontalLabelledField.jsx (ext=.jsx, size=632)
2026-01-28 00:58:33,702 - Knowledge - INFO - process ingested knowledge for /app/data/T0015/311293/b0425cu/web-client-311293/src/services/keycloak.ts
2026-01-28 00:58:33,718 - Knowledge - INFO - Worker kw17 processing /app/data/T0015/311293/b0425cu/web-client-311293/src/api/agents.ts
2026-01-28 00:58:33,801 - Knowledge - INFO - Worker kw18 processing /app/data/T0015/311293/b0425cu/web-client-311293/src/components/form/LabelledField.jsx
2026-01-28 00:58:33,935 - Knowledge - INFO - process ingested knowledge for /app/data/T0015/311293/b0425cu/web-client-311293/src/services/api.ts
2026-01-28 00:58:34,042 - Knowledge - INFO - process ingested knowledge for /app/data/T0015/311293/b0425cu/web-client-311293/src/models/Notification.ts
2026-01-28 00:58:34,173 - Knowledge - INFO - [kw1] Queue=254, InProgress=0, PendingWorkers=20/20, Completed=54/374 (14.4%)
2026-01-28 00:58:34,195 - Knowledge - INFO - Worker kw20 processing /app/data/T0015/311293/b0425cu/web-client-311293/src/components/clients/OrganisationsUrls.ts
2026-01-28 00:58:34,279 - Knowledge - INFO - process ingested knowledge for /app/data/T0015/311293/b0425cu/web-client-311293/src/utilities/requests.ts
2026-01-28 00:58:34,376 - Knowledge - INFO - process ingested knowledge for /app/data/T0015/311293/b0425cu/web-client-311293/src/models/ProjectVulnerabilityMetrics.ts
2026-01-28 00:58:34,455 - Knowledge - INFO - process ingested knowledge for /app/data/T0015/311293/b0425cu/web-client-311293/src/models/UserRoles.ts
2026-01-28 00:58:34,538 - Knowledge - INFO - process ingested knowledge for /app/data/T0015/311293/b0425cu/web-client-311293/src/translations/fr/common.json
2026-01-28 00:58:34,749 - Knowledge - INFO - Worker kw13 processing /app/data/T0015/311293/b0425cu/web-client-311293/src/api/requests/comments.ts
2026-01-28 00:58:34,837 - Knowledge - INFO - Fast-tracked /app/data/T0015/311293/b0425cu/web-client-311293/src/api/requests/agents.ts (ext=.ts, size=406)
2026-01-28 00:58:34,949 - Knowledge - INFO - done ingest for /app/data/T0015/311293/b0425cu/web-client-311293/src/models/Widgets.jsx
2026-01-28 00:58:34,955 - Knowledge - INFO - [WEBSOCKET] Sent: Type=progress_update, Size: 289, Duration: 0ms
2026-01-28 00:58:35,043 - Knowledge - INFO - Worker kw15 processing /app/data/T0015/311293/b0425cu/web-client-311293/src/api/attachments.ts
2026-01-28 00:58:35,164 - Knowledge - INFO - Fast-tracked /app/data/T0015/311293/b0425cu/web-client-311293/src/api/requests/system.ts (ext=.ts, size=1334)
2026-01-28 00:58:35,255 - Knowledge - INFO - Worker kw16 processing /app/data/T0015/311293/b0425cu/web-client-311293/src/api/commands.ts
2026-01-28 00:58:35,345 - Knowledge - INFO - Worker kw19 processing /app/data/T0015/311293/b0425cu/web-client-311293/src/components/form/NativeButton.module.css
2026-01-28 00:58:35,469 - Knowledge - INFO - process ingested knowledge for /app/data/T0015/311293/b0425cu/web-client-311293/src/services/command.ts
2026-01-28 00:58:35,560 - Knowledge - INFO - Fast-tracked /app/data/T0015/311293/b0425cu/web-client-311293/src/api/agents.ts (ext=.ts, size=444)
2026-01-28 00:58:35,644 - Knowledge - INFO - Fast-tracked /app/data/T0015/311293/b0425cu/web-client-311293/src/components/form/LabelledField.jsx (ext=.jsx, size=312)
2026-01-28 00:58:35,733 - Knowledge - INFO - process ingested knowledge for /app/data/T0015/311293/b0425cu/web-client-311293/src/styles/main.css
2026-01-28 00:58:35,813 - Knowledge - INFO - process ingested knowledge for /app/data/T0015/311293/b0425cu/web-client-311293/src/models/Project.ts
2026-01-28 00:58:35,902 - Knowledge - INFO - Batch sizing: calculated=6, max_allowed=10, queue=254, active_workers=20/20
2026-01-28 00:58:35,984 - Knowledge - INFO - Fast-tracked /app/data/T0015/311293/b0425cu/web-client-311293/src/components/clients/OrganisationsUrls.ts (ext=.ts, size=251)
2026-01-28 00:58:36,065 - Knowledge - INFO - process ingested knowledge for /app/data/T0015/311293/b0425cu/web-client-311293/src/utilities/WebsocketState.ts
2026-01-28 00:58:36,167 - Knowledge - INFO - process ingested knowledge for /app/data/T0015/311293/b0425cu/web-client-311293/src/models/VulnerabilityCategory.ts
2026-01-28 00:58:36,247 - Knowledge - INFO - process ingested knowledge for /app/data/T0015/311293/b0425cu/web-client-311293/src/models/CommandUsage.ts
2026-01-28 00:58:36,334 - Knowledge - INFO - process ingested knowledge for /app/data/T0015/311293/b0425cu/web-client-311293/src/translations/pt/application.json
2026-01-28 00:58:36,426 - Knowledge - INFO - Fast-tracked /app/data/T0015/311293/b0425cu/web-client-311293/src/api/requests/comments.ts (ext=.ts, size=643)
2026-01-28 00:58:36,519 - Knowledge - INFO - Fast-tracked /app/data/T0015/311293/b0425cu/web-client-311293/src/api/requests/commands.ts (small file (2211 bytes))
2026-01-28 00:58:36,723 - Knowledge - INFO - [WEBSOCKET] Sent: Type=unknown, Size: ?, Duration: 1768ms
2026-01-28 00:58:36,803 - Knowledge - INFO - Fast-tracked /app/data/T0015/311293/b0425cu/web-client-311293/src/api/attachments.ts (ext=.ts, size=777)
2026-01-28 00:58:36,979 - Knowledge - INFO - Fast-tracked /app/data/T0015/311293/b0425cu/web-client-311293/src/api/commands.ts (ext=.ts, size=1794)
2026-01-28 00:58:37,060 - Knowledge - INFO - Fast-tracked /app/data/T0015/311293/b0425cu/web-client-311293/src/components/form/NativeButton.module.css (ext=.css, size=125)
2026-01-28 00:58:37,149 - Knowledge - INFO - process ingested knowledge for /app/data/T0015/311293/b0425cu/web-client-311293/src/services/widgets.ts
2026-01-28 00:58:37,278 - Knowledge - INFO - Worker kw17 processing /app/data/T0015/311293/b0425cu/web-client-311293/src/api/notifications.ts
2026-01-28 00:58:37,351 - Knowledge - INFO - Worker kw18 processing /app/data/T0015/311293/b0425cu/web-client-311293/src/components/form/NativeInput.module.css
2026-01-28 00:58:37,436 - Knowledge - INFO - process ingested knowledge for /app/data/T0015/311293/b0425cu/web-client-311293/src/models/OrganisationTypes.ts
2026-01-28 00:58:37,528 - Knowledge - INFO - process ingested knowledge for /app/data/T0015/311293/b0425cu/web-client-311293/src/models/Target.ts
2026-01-28 00:58:37,717 - Knowledge - INFO - Worker kw20 processing /app/data/T0015/311293/b0425cu/web-client-311293/src/components/clients/Link.jsx
2026-01-28 00:58:37,837 - Knowledge - INFO - process ingested knowledge for /app/data/T0015/311293/b0425cu/web-client-311293/src/utilities/memoryStore.ts
2026-01-28 00:58:37,939 - Knowledge - INFO - process ingested knowledge for /app/data/T0015/311293/b0425cu/web-client-311293/src/models/Note.ts
2026-01-28 00:58:38,013 - Knowledge - INFO - process ingested knowledge for /app/data/T0015/311293/b0425cu/web-client-311293/src/models/TargetKinds.ts
2026-01-28 00:58:38,092 - Knowledge - INFO - process ingested knowledge for /app/data/T0015/311293/b0425cu/web-client-311293/src/translations/pt/common.json
2026-01-28 00:58:38,300 - Knowledge - INFO - Fast-tracked /app/data/T0015/311293/b0425cu/web-client-311293/src/api/requests/users.ts (small file (2477 bytes))
2026-01-28 00:58:38,419 - Knowledge - INFO - Progress: 15.0% | Files: 59/374 | Rate: 1.50 files/sec | Queue: 248
2026-01-28 00:58:38,420 - Knowledge - INFO - Async storing batch of 6 embeddings
2026-01-28 00:58:38,449 - Knowledge - INFO - Processing batch of 6 files
2026-01-28 00:58:38,463 - Knowledge - INFO - Processing batch of 6 files
2026-01-28 00:58:38,463 - Knowledge - INFO - Processing batch of 6 files
2026-01-28 00:58:38,467 - Knowledge - INFO - Processing batch of 6 files
2026-01-28 00:58:38,510 - Knowledge - INFO - Fast-tracked /app/data/T0015/311293/b0425cu/web-client-311293/src/api/requests/projects.ts (small file (2043 bytes))
2026-01-28 00:58:38,598 - Knowledge - INFO - Worker kw16 processing /app/data/T0015/311293/b0425cu/web-client-311293/src/api/users.ts
2026-01-28 00:58:38,683 - Knowledge - INFO - Worker kw19 processing /app/data/T0015/311293/b0425cu/web-client-311293/src/components/form/NativeCheckbox.jsx
2026-01-28 00:58:38,784 - Knowledge - INFO - process ingested knowledge for /app/data/T0015/311293/b0425cu/web-client-311293/src/services/commands/arguments.ts
2026-01-28 00:58:38,878 - Knowledge - INFO - Fast-tracked /app/data/T0015/311293/b0425cu/web-client-311293/src/api/notifications.ts (ext=.ts, size=819)
2026-01-28 00:58:38,963 - Knowledge - INFO - Fast-tracked /app/data/T0015/311293/b0425cu/web-client-311293/src/components/form/NativeInput.module.css (ext=.css, size=101)
2026-01-28 00:58:39,244 - Knowledge - INFO - Fast-tracked /app/data/T0015/311293/b0425cu/web-client-311293/src/components/clients/Link.jsx (ext=.jsx, size=625)
2026-01-28 00:58:39,411 - Knowledge - INFO - process ingested knowledge for /app/data/T0015/311293/b0425cu/web-client-311293/src/translations/es/application.json
2026-01-28 00:58:39,481 - Knowledge - INFO - process ingested knowledge for /app/data/T0015/311293/b0425cu/web-client-311293/src/models/VulnerabilityStatuses.ts
2026-01-28 00:58:39,775 - Knowledge - INFO - process ingested knowledge for /app/data/T0015/311293/b0425cu/web-client-311293/src/translations/cn/application.json
2026-01-28 00:58:39,823 - Knowledge - INFO - Worker kw1 processing /app/data/T0015/311293/b0425cu/web-client-311293/src/components/clients/Form.jsx
2026-01-28 00:58:39,867 - Knowledge - INFO - [kw4] Queue=248, InProgress=0, PendingWorkers=20/20, Completed=79/374 (21.1%)
2026-01-28 00:58:39,903 - Knowledge - INFO - process ingested knowledge for /app/data/T0015/311293/b0425cu/web-client-311293/src/api/reports.ts
2026-01-28 00:58:39,995 - Knowledge - INFO - process ingested knowledge for /app/data/T0015/311293/b0425cu/web-client-311293/src/api/requests/organisations.ts
2026-01-28 00:58:40,084 - Knowledge - INFO - process ingested knowledge for /app/data/T0015/311293/b0425cu/web-client-311293/src/translations/de/common.json
2026-01-28 00:58:40,164 - Knowledge - INFO - process ingested knowledge for /app/data/T0015/311293/b0425cu/web-client-311293/src/models/Widgets.jsx
2026-01-28 00:58:40,253 - Knowledge - INFO - Fast-tracked /app/data/T0015/311293/b0425cu/web-client-311293/src/api/system.ts (small file (2450 bytes))
2026-01-28 00:58:40,328 - Knowledge - INFO - Fast-tracked /app/data/T0015/311293/b0425cu/web-client-311293/src/api/users.ts (ext=.ts, size=1130)
2026-01-28 00:58:40,427 - Knowledge - INFO - Fast-tracked /app/data/T0015/311293/b0425cu/web-client-311293/src/components/form/NativeCheckbox.jsx (ext=.jsx, size=283)
2026-01-28 00:58:40,454 - Knowledge - INFO - [WEBSOCKET] Sent: Type=progress_update, Size: 290, Duration: 0ms
2026-01-28 00:58:40,455 - Knowledge - INFO - [kw5] Queue=248, InProgress=0, PendingWorkers=20/20, Completed=82/374 (21.9%)
2026-01-28 00:58:40,616 - Knowledge - INFO - Worker kw17 processing /app/data/T0015/311293/b0425cu/web-client-311293/src/api/projects.ts
2026-01-28 00:58:40,699 - Knowledge - INFO - Worker kw18 processing /app/data/T0015/311293/b0425cu/web-client-311293/src/components/form/NativeInput.jsx
2026-01-28 00:58:40,780 - Knowledge - INFO - Worker kw20 processing /app/data/T0015/311293/b0425cu/web-client-311293/src/components/clients/Edit.jsx
2026-01-28 00:58:40,925 - Knowledge - INFO - process ingested knowledge for /app/data/T0015/311293/b0425cu/web-client-311293/src/translations/es/common.json
2026-01-28 00:58:40,957 - Knowledge - INFO - process ingested knowledge for /app/data/T0015/311293/b0425cu/web-client-311293/src/models/Vulnerability.ts
2026-01-28 00:58:41,045 - Knowledge - INFO - process ingested knowledge for /app/data/T0015/311293/b0425cu/web-client-311293/src/translations/cn/common.json
2026-01-28 00:58:41,153 - Knowledge - INFO - Worker kw1 processing /app/data/T0015/311293/b0425cu/web-client-311293/src/components/clients/Create.jsx
2026-01-28 00:58:41,233 - Knowledge - INFO - Batch sizing: calculated=6, max_allowed=10, queue=248, active_workers=20/20
2026-01-28 00:58:41,395 - Knowledge - INFO - process ingested knowledge for /app/data/T0015/311293/b0425cu/web-client-311293/src/api/requests/assets.ts
2026-01-28 00:58:41,448 - Knowledge - INFO - process ingested knowledge for /app/data/T0015/311293/b0425cu/web-client-311293/src/api/requests/auditlog.ts
2026-01-28 00:58:41,530 - Knowledge - INFO - process ingested knowledge for /app/data/T0015/311293/b0425cu/web-client-311293/src/translations/i18n.ts
2026-01-28 00:58:41,607 - Knowledge - INFO - process ingested knowledge for /app/data/T0015/311293/b0425cu/web-client-311293/src/models/TaskPriority.ts
2026-01-28 00:58:41,794 - Knowledge - INFO - Fast-tracked /app/data/T0015/311293/b0425cu/web-client-311293/src/api/vulnerabilities.ts (small file (2575 bytes))
2026-01-28 00:58:41,877 - Knowledge - INFO - Worker kw19 processing /app/data/T0015/311293/b0425cu/web-client-311293/src/components/form/NativeButtonGroup.jsx
2026-01-28 00:58:41,995 - Knowledge - INFO - [WEBSOCKET] Sent: Type=unknown, Size: ?, Duration: 1541ms
2026-01-28 00:58:42,070 - Knowledge - INFO - Batch sizing: calculated=6, max_allowed=10, queue=248, active_workers=20/20
2026-01-28 00:58:42,207 - Knowledge - INFO - Fast-tracked /app/data/T0015/311293/b0425cu/web-client-311293/src/api/projects.ts (ext=.ts, size=1958)
2026-01-28 00:58:42,286 - Knowledge - INFO - Fast-tracked /app/data/T0015/311293/b0425cu/web-client-311293/src/components/form/NativeInput.jsx (ext=.jsx, size=263)
2026-01-28 00:58:42,406 - Knowledge - INFO - Fast-tracked /app/data/T0015/311293/b0425cu/web-client-311293/src/components/clients/Edit.jsx (ext=.jsx, size=1873)
2026-01-28 00:58:42,476 - Knowledge - INFO - process ingested knowledge for /app/data/T0015/311293/b0425cu/web-client-311293/src/translations/fr/application.json
2026-01-28 00:58:42,563 - Knowledge - INFO - process ingested knowledge for /app/data/T0015/311293/b0425cu/web-client-311293/src/utilities/domUtils.ts
2026-01-28 00:58:42,640 - Knowledge - INFO - process ingested knowledge for /app/data/T0015/311293/b0425cu/web-client-311293/src/translations/de/application.json
2026-01-28 00:58:42,753 - Knowledge - INFO - Fast-tracked /app/data/T0015/311293/b0425cu/web-client-311293/src/components/clients/Create.jsx (ext=.jsx, size=1886)
2026-01-28 00:58:42,952 - Knowledge - INFO - process ingested knowledge for /app/data/T0015/311293/b0425cu/web-client-311293/src/api/requests/contacts.ts
2026-01-28 00:58:43,033 - Knowledge - INFO - process ingested knowledge for /app/data/T0015/311293/b0425cu/web-client-311293/src/api/requests/attachments.ts
2026-01-28 00:58:43,123 - Knowledge - INFO - process ingested knowledge for /app/data/T0015/311293/b0425cu/web-client-311293/src/translations/LanguageList.ts
2026-01-28 00:58:43,220 - Knowledge - INFO - process ingested knowledge for /app/data/T0015/311293/b0425cu/web-client-311293/src/models/themes/index.ts
2026-01-28 00:58:43,429 - Knowledge - INFO - Fast-tracked /app/data/T0015/311293/b0425cu/web-client-311293/src/components/form/NativeButtonGroup.jsx (ext=.jsx, size=125)
2026-01-28 00:58:43,525 - Knowledge - INFO - Progress: 21.9% | Files: 85/374 | Rate: 1.90 files/sec | Queue: 242
2026-01-28 00:58:43,529 - Knowledge - INFO - [kw7] Queue=242, InProgress=0, PendingWorkers=20/20, Completed=85/374 (22.7%)
2026-01-28 00:58:43,531 - Knowledge - INFO - Async storing batch of 6 embeddings
2026-01-28 00:58:43,532 - Knowledge - INFO - [kw2] Queue=242, InProgress=0, PendingWorkers=20/20, Completed=86/374 (23.0%)
2026-01-28 00:58:43,545 - Knowledge - INFO - Processing batch of 6 files
2026-01-28 00:58:43,563 - Knowledge - INFO - Processing batch of 6 files
2026-01-28 00:58:43,592 - Knowledge - INFO - Processing batch of 6 files
2026-01-28 00:58:43,621 - Knowledge - INFO - Async storing batch of 6 embeddings
2026-01-28 00:58:43,698 - Knowledge - INFO - Worker kw17 processing /app/data/T0015/311293/b0425cu/web-client-311293/src/components/form/NativeTextArea.jsx
2026-01-28 00:58:43,818 - Knowledge - INFO - Worker kw18 processing /app/data/T0015/311293/b0425cu/web-client-311293/src/components/form/NativeSelect.jsx
2026-01-28 00:58:43,908 - Knowledge - INFO - Worker kw20 processing /app/data/T0015/311293/b0425cu/web-client-311293/src/components/clients/Details.jsx
2026-01-28 00:58:44,269 - Knowledge - INFO - Worker kw1 processing /app/data/T0015/311293/b0425cu/web-client-311293/src/components/clients/List.jsx
2026-01-28 00:58:44,648 - Knowledge - INFO - process ingested knowledge for /app/data/T0015/311293/b0425cu/web-client-311293/src/api/requests/vault.ts
2026-01-28 00:58:44,736 - Knowledge - INFO - Worker kw19 processing /app/data/T0015/311293/b0425cu/web-client-311293/src/components/attachments/Dropzone.jsx
2026-01-28 00:58:44,651 - Knowledge - INFO - process ingested knowledge for /app/data/T0015/311293/b0425cu/web-client-311293/src/translations/en/common.json
2026-01-28 00:58:44,651 - Knowledge - INFO - process ingested knowledge for /app/data/T0015/311293/b0425cu/web-client-311293/src/api/requests/reports.ts
2026-01-28 00:58:44,914 - Knowledge - INFO - process ingested knowledge for /app/data/T0015/311293/b0425cu/web-client-311293/src/models/Attachment.ts
2026-01-28 00:58:44,934 - Knowledge - INFO - Batch sizing: calculated=6, max_allowed=10, queue=242, active_workers=20/20
2026-01-28 00:58:45,020 - Knowledge - INFO - Worker kw4 processing /app/data/T0015/311293/b0425cu/web-client-311293/src/components/documents/Add.jsx
2026-01-28 00:58:45,100 - Knowledge - INFO - Batch sizing: calculated=6, max_allowed=10, queue=242, active_workers=20/20
2026-01-28 00:58:45,185 - Knowledge - INFO - [kw3] Queue=236, InProgress=0, PendingWorkers=20/20, Completed=96/374 (25.7%)
2026-01-28 00:58:45,192 - Knowledge - INFO - process ingested knowledge for /app/data/T0015/311293/b0425cu/web-client-311293/src/api/requests/tasks.ts
2026-01-28 00:58:45,271 - Knowledge - INFO - process ingested knowledge for /app/data/T0015/311293/b0425cu/web-client-311293/src/api/requests/notifications.ts
2026-01-28 00:58:45,421 - Knowledge - INFO - process ingested knowledge for /app/data/T0015/311293/b0425cu/web-client-311293/src/api/vault.ts
2026-01-28 00:58:45,537 - Knowledge - INFO - Worker kw5 processing /app/data/T0015/311293/b0425cu/web-client-311293/src/components/documents/Preview.jsx
2026-01-28 00:58:45,619 - Knowledge - INFO - Fast-tracked /app/data/T0015/311293/b0425cu/web-client-311293/src/components/form/NativeTextArea.jsx (ext=.jsx, size=202)
2026-01-28 00:58:45,702 - Knowledge - INFO - Fast-tracked /app/data/T0015/311293/b0425cu/web-client-311293/src/components/form/NativeSelect.jsx (ext=.jsx, size=262)
2026-01-28 00:58:45,789 - Knowledge - INFO - Worker kw20 processing /app/data/T0015/311293/b0425cu/web-client-311293/src/components/clients/Routes.jsx
2026-01-28 00:58:45,917 - Knowledge - INFO - Worker kw1 processing /app/data/T0015/311293/b0425cu/web-client-311293/src/components/agents/AgentsListPage.jsx
2026-01-28 00:58:46,187 - Knowledge - INFO - Fast-tracked /app/data/T0015/311293/b0425cu/web-client-311293/src/components/attachments/Dropzone.jsx (small file (2830 bytes))
2026-01-28 00:58:46,252 - Knowledge - INFO - [WEBSOCKET] Sent: Type=progress_update, Size: 290, Duration: 0ms
2026-01-28 00:58:46,252 - Knowledge - INFO - process ingested knowledge for /app/data/T0015/311293/b0425cu/web-client-311293/src/api/requests/session.ts
2026-01-28 00:58:46,254 - Knowledge - INFO - process ingested knowledge for /app/data/T0015/311293/b0425cu/web-client-311293/src/ServerUrls.ts
2026-01-28 00:58:46,255 - Knowledge - INFO - [kw10] Queue=236, InProgress=0, PendingWorkers=20/20, Completed=96/374 (25.7%)
2026-01-28 00:58:46,300 - Knowledge - INFO - process ingested knowledge for /app/data/T0015/311293/b0425cu/web-client-311293/src/api/requests/community.ts
2026-01-28 00:58:46,423 - Knowledge - INFO - process ingested knowledge for /app/data/T0015/311293/b0425cu/web-client-311293/src/models/Contact.ts
2026-01-28 00:58:46,634 - Knowledge - INFO - Fast-tracked /app/data/T0015/311293/b0425cu/web-client-311293/src/components/documents/Add.jsx (ext=.jsx, size=1686)
2026-01-28 00:58:46,796 - Knowledge - INFO - Batch sizing: calculated=6, max_allowed=10, queue=236, active_workers=20/20
2026-01-28 00:58:46,915 - Knowledge - INFO - process ingested knowledge for /app/data/T0015/311293/b0425cu/web-client-311293/src/api/requests/vulnerabilities.ts
2026-01-28 00:58:47,012 - Knowledge - INFO - process ingested knowledge for /app/data/T0015/311293/b0425cu/web-client-311293/src/api/requests/projects.ts
2026-01-28 00:58:47,106 - Knowledge - INFO - process ingested knowledge for /app/data/T0015/311293/b0425cu/web-client-311293/src/api/comments.ts
2026-01-28 00:58:47,242 - Knowledge - INFO - Fast-tracked /app/data/T0015/311293/b0425cu/web-client-311293/src/components/documents/Preview.jsx (ext=.jsx, size=279)
2026-01-28 00:58:47,484 - Knowledge - INFO - Fast-tracked /app/data/T0015/311293/b0425cu/web-client-311293/src/components/clients/Routes.jsx (ext=.jsx, size=701)
2026-01-28 00:58:47,571 - Knowledge - INFO - Fast-tracked /app/data/T0015/311293/b0425cu/web-client-311293/src/components/agents/AgentsListPage.jsx (ext=.jsx, size=1550)
2026-01-28 00:58:47,779 - Knowledge - INFO - [WEBSOCKET] Sent: Type=unknown, Size: ?, Duration: 1527ms
2026-01-28 00:58:47,860 - Knowledge - INFO - process ingested knowledge for /app/data/T0015/311293/b0425cu/web-client-311293/src/api/requests/comments.ts
2026-01-28 00:58:47,940 - Knowledge - INFO - process ingested knowledge for /app/data/T0015/311293/b0425cu/web-client-311293/src/api/assets.ts
2026-01-28 00:58:48,026 - Knowledge - INFO - Batch sizing: calculated=6, max_allowed=10, queue=236, active_workers=20/20
2026-01-28 00:58:48,133 - Knowledge - INFO - process ingested knowledge for /app/data/T0015/311293/b0425cu/web-client-311293/src/api/requests/system.ts
2026-01-28 00:58:48,251 - Knowledge - INFO - process ingested knowledge for /app/data/T0015/311293/b0425cu/web-client-311293/src/models/Risks.ts
2026-01-28 00:58:48,355 - Knowledge - INFO - Worker kw4 processing /app/data/T0015/311293/b0425cu/web-client-311293/src/components/documents/Badge.jsx
2026-01-28 00:58:48,531 - Knowledge - INFO - process ingested knowledge for /app/data/T0015/311293/b0425cu/web-client-311293/src/api/requests/commands.ts
2026-01-28 00:58:48,623 - Knowledge - INFO - process ingested knowledge for /app/data/T0015/311293/b0425cu/web-client-311293/src/api/community.ts
2026-01-28 00:58:48,702 - Knowledge - INFO - process ingested knowledge for /app/data/T0015/311293/b0425cu/web-client-311293/src/api/tasks.ts
2026-01-28 00:58:48,801 - Knowledge - INFO - Worker kw5 processing /app/data/T0015/311293/b0425cu/web-client-311293/src/components/documents/Routes.jsx
2026-01-28 00:58:48,974 - Knowledge - INFO - Worker kw1 processing /app/data/T0015/311293/b0425cu/web-client-311293/src/components/agents/AgentDetailsPage.jsx
2026-01-28 00:58:49,065 - Knowledge - INFO - Progress: 25.7% | Files: 99/374 | Rate: 1.96 files/sec | Queue: 218
2026-01-28 00:58:49,072 - Knowledge - INFO - Async storing batch of 6 embeddings
2026-01-28 00:58:49,074 - Knowledge - INFO - Async storing batch of 6 embeddings
2026-01-28 00:58:49,076 - Knowledge - INFO - Async storing batch of 6 embeddings
2026-01-28 00:58:49,077 - Knowledge - INFO - [kw9] Queue=218, InProgress=0, PendingWorkers=20/20, Completed=99/374 (26.5%)
2026-01-28 00:58:49,497 - Knowledge - INFO - Async storing batch of 6 embeddings
2026-01-28 00:58:49,528 - Knowledge - INFO - Processing batch of 6 files
2026-01-28 00:58:49,625 - Knowledge - INFO - Fast-tracked /app/data/T0015/311293/b0425cu/web-client-311293/src/components/documents/Badge.jsx (ext=.jsx, size=355)
2026-01-28 00:58:49,687 - Knowledge - INFO - Processing batch of 6 files
2026-01-28 00:58:49,944 - Knowledge - INFO - Processing batch of 6 files
2026-01-28 00:58:49,981 - Knowledge - INFO - Fast-tracked /app/data/T0015/311293/b0425cu/web-client-311293/src/components/documents/Routes.jsx (ext=.jsx, size=680)
2026-01-28 00:58:50,060 - Knowledge - INFO - Worker kw1 processing /app/data/T0015/311293/b0425cu/web-client-311293/src/components/agents/AgentsRoutes.jsx
2026-01-28 00:58:50,204 - Knowledge - INFO - process ingested knowledge for /app/data/T0015/311293/b0425cu/web-client-311293/src/api/requests/users.ts
2026-01-28 00:58:50,204 - Knowledge - INFO - process ingested knowledge for /app/data/T0015/311293/b0425cu/web-client-311293/src/api/system.ts
2026-01-28 00:58:50,259 - Knowledge - INFO - Worker kw7 processing /app/data/T0015/311293/b0425cu/web-client-311293/src/components/users/Link.jsx
2026-01-28 00:58:50,378 - Knowledge - INFO - Worker kw2 processing /app/data/T0015/311293/b0425cu/web-client-311293/src/components/users/List.test.jsx
2026-01-28 00:58:50,487 - Knowledge - INFO - Worker kw3 processing /app/data/T0015/311293/b0425cu/web-client-311293/src/components/commands/UsageForm.jsx
2026-01-28 00:58:50,575 - Knowledge - INFO - Batch sizing: calculated=6, max_allowed=10, queue=218, active_workers=20/20
2026-01-28 00:58:50,679 - Knowledge - INFO - [kw8] Queue=212, InProgress=0, PendingWorkers=20/20, Completed=114/374 (30.5%)
2026-01-28 00:58:50,686 - Knowledge - INFO - process ingested knowledge for /app/data/T0015/311293/b0425cu/web-client-311293/src/api/vulnerabilities.ts
2026-01-28 00:58:50,689 - Knowledge - INFO - Worker kw10 processing /app/data/T0015/311293/b0425cu/web-client-311293/src/components/commands/Routes.jsx
2026-01-28 00:58:50,764 - Knowledge - INFO - process ingested knowledge for /app/data/T0015/311293/b0425cu/web-client-311293/src/components/form/NativeButton.jsx
2026-01-28 00:58:50,858 - Knowledge - INFO - Worker kw4 processing /app/data/T0015/311293/b0425cu/web-client-311293/src/components/documents/DocumentsListPage.jsx
2026-01-28 00:58:50,949 - Knowledge - INFO - process ingested knowledge for /app/data/T0015/311293/b0425cu/web-client-311293/src/api/documents.ts
2026-01-28 00:58:51,087 - Knowledge - INFO - process ingested knowledge for /app/data/T0015/311293/b0425cu/web-client-311293/src/components/form/NativeTabs.jsx
2026-01-28 00:58:51,169 - Knowledge - INFO - Worker kw5 processing /app/data/T0015/311293/b0425cu/web-client-311293/src/components/documents/Table.jsx
2026-01-28 00:58:51,289 - Knowledge - INFO - Fast-tracked /app/data/T0015/311293/b0425cu/web-client-311293/src/components/agents/AgentsRoutes.jsx (ext=.jsx, size=530)
2026-01-28 00:58:51,588 - Knowledge - INFO - Fast-tracked /app/data/T0015/311293/b0425cu/web-client-311293/src/components/users/Link.jsx (ext=.jsx, size=257)
2026-01-28 00:58:51,742 - Knowledge - INFO - Fast-tracked /app/data/T0015/311293/b0425cu/web-client-311293/src/components/users/List.test.jsx (ext=.jsx, size=1126)
2026-01-28 00:58:51,830 - Knowledge - INFO - Worker kw3 processing /app/data/T0015/311293/b0425cu/web-client-311293/src/components/commands/Add.jsx
2026-01-28 00:58:52,067 - Knowledge - INFO - process ingested knowledge for /app/data/T0015/311293/b0425cu/web-client-311293/src/api/requests/documents.ts
2026-01-28 00:58:52,067 - Knowledge - INFO - process ingested knowledge for /app/data/T0015/311293/b0425cu/web-client-311293/src/api/auditlog.ts
2026-01-28 00:58:52,084 - Knowledge - INFO - Batch sizing: calculated=6, max_allowed=10, queue=212, active_workers=20/20
2026-01-28 00:58:52,219 - Knowledge - INFO - Async storing batch of 6 embeddings
2026-01-28 00:58:52,363 - Knowledge - INFO - Fast-tracked /app/data/T0015/311293/b0425cu/web-client-311293/src/components/commands/Routes.jsx (ext=.jsx, size=804)
2026-01-28 00:58:52,589 - Knowledge - INFO - Fast-tracked /app/data/T0015/311293/b0425cu/web-client-311293/src/components/documents/DocumentsListPage.jsx (ext=.jsx, size=1202)
2026-01-28 00:58:52,704 - Knowledge - INFO - process ingested knowledge for /app/data/T0015/311293/b0425cu/web-client-311293/src/api/commands.ts
2026-01-28 00:58:52,806 - Knowledge - INFO - process ingested knowledge for /app/data/T0015/311293/b0425cu/web-client-311293/src/components/form/HorizontalLabelledField.jsx
2026-01-28 00:58:52,885 - Knowledge - INFO - Fast-tracked /app/data/T0015/311293/b0425cu/web-client-311293/src/components/documents/Table.jsx (ext=.jsx, size=1697)
2026-01-28 00:58:53,018 - Knowledge - INFO - Async storage completed for 6 embeddings
2026-01-28 00:58:53,072 - Knowledge - INFO - [WEBSOCKET] Sent: Type=progress_update, Size: 292, Duration: 0ms
2026-01-28 00:58:53,123 - Knowledge - INFO - Worker kw7 processing /app/data/T0015/311293/b0425cu/web-client-311293/src/components/users/Permissions.ts
2026-01-28 00:58:53,270 - Knowledge - INFO - process ingested knowledge for /app/data/T0015/311293/b0425cu/web-client-311293/src/components/form/DynamicForm.jsx
2026-01-28 00:58:53,271 - Knowledge - INFO - [kw12] Queue=206, InProgress=0, PendingWorkers=20/20, Completed=114/374 (30.5%)
2026-01-28 00:58:53,282 - Knowledge - INFO - Worker kw2 processing /app/data/T0015/311293/b0425cu/web-client-311293/src/components/users/Form.jsx
2026-01-28 00:58:53,282 - Knowledge - INFO - process ingested knowledge for /app/data/T0015/311293/b0425cu/web-client-311293/src/api/clients.ts
2026-01-28 00:58:53,407 - Knowledge - INFO - Fast-tracked /app/data/T0015/311293/b0425cu/web-client-311293/src/components/commands/Add.jsx (ext=.jsx, size=1336)
2026-01-28 00:58:53,511 - Knowledge - INFO - process ingested knowledge for /app/data/T0015/311293/b0425cu/web-client-311293/src/api/requests/agents.ts
2026-01-28 00:58:53,636 - Knowledge - INFO - process ingested knowledge for /app/data/T0015/311293/b0425cu/web-client-311293/src/api/attachments.ts
2026-01-28 00:58:53,872 - Knowledge - INFO - Worker kw9 processing /app/data/T0015/311293/b0425cu/web-client-311293/src/components/vulnerabilities/Filters.jsx
2026-01-28 00:58:53,962 - Knowledge - INFO - Worker kw10 processing /app/data/T0015/311293/b0425cu/web-client-311293/src/components/commands/AddCommandUsagePage.jsx
2026-01-28 00:58:54,055 - Knowledge - INFO - Worker kw4 processing /app/data/T0015/311293/b0425cu/web-client-311293/src/components/documents/Edit.jsx
2026-01-28 00:58:54,211 - Knowledge - INFO - process ingested knowledge for /app/data/T0015/311293/b0425cu/web-client-311293/src/api/users.ts
2026-01-28 00:58:54,311 - Knowledge - INFO - process ingested knowledge for /app/data/T0015/311293/b0425cu/web-client-311293/src/components/form/NativeButton.module.css
2026-01-28 00:58:54,441 - Knowledge - INFO - Worker kw5 processing /app/data/T0015/311293/b0425cu/web-client-311293/src/components/documents/Form.jsx
2026-01-28 00:58:54,681 - Knowledge - INFO - [kw11] Queue=200, InProgress=0, PendingWorkers=20/20, Completed=114/374 (30.5%)
2026-01-28 00:58:54,682 - Knowledge - INFO - Async storing batch of 6 embeddings
2026-01-28 00:58:54,684 - Knowledge - INFO - [WEBSOCKET] Sent: Type=unknown, Size: ?, Duration: 1612ms
2026-01-28 00:58:54,816 - Knowledge - INFO - Fast-tracked /app/data/T0015/311293/b0425cu/web-client-311293/src/components/users/Permissions.ts (ext=.ts, size=359)
2026-01-28 00:58:54,931 - Knowledge - INFO - process ingested knowledge for /app/data/T0015/311293/b0425cu/web-client-311293/src/components/form/LabelledField.jsx
2026-01-28 00:58:55,089 - Knowledge - INFO - Batch sizing: calculated=6, max_allowed=10, queue=206, active_workers=20/20
2026-01-28 00:58:55,310 - Knowledge - INFO - Worker kw2 processing /app/data/T0015/311293/b0425cu/web-client-311293/src/components/users/Create.jsx
2026-01-28 00:58:55,430 - Knowledge - INFO - process ingested knowledge for /app/data/T0015/311293/b0425cu/web-client-311293/src/api/agents.ts
2026-01-28 00:58:55,578 - Knowledge - INFO - Worker kw3 processing /app/data/T0015/311293/b0425cu/web-client-311293/src/components/commands/Badge.jsx
2026-01-28 00:58:55,795 - Knowledge - INFO - Fast-tracked /app/data/T0015/311293/b0425cu/web-client-311293/src/components/clients/List.jsx (small file (2881 bytes))
2026-01-28 00:58:55,986 - Knowledge - INFO - Worker kw9 processing /app/data/T0015/311293/b0425cu/web-client-311293/src/components/vulnerabilities/StatusBadge.jsx
2026-01-28 00:58:56,052 - Knowledge - INFO - Fast-tracked /app/data/T0015/311293/b0425cu/web-client-311293/src/components/commands/AddCommandUsagePage.jsx (ext=.jsx, size=1647)
2026-01-28 00:58:56,190 - Knowledge - INFO - Fast-tracked /app/data/T0015/311293/b0425cu/web-client-311293/src/components/documents/Edit.jsx (ext=.jsx, size=1879)
2026-01-28 00:58:56,509 - Knowledge - INFO - process ingested knowledge for /app/data/T0015/311293/b0425cu/web-client-311293/src/components/form/NativeCheckbox.jsx
2026-01-28 00:58:56,533 - Knowledge - INFO - Worker kw5 processing /app/data/T0015/311293/b0425cu/web-client-311293/src/components/users/LastLogin.jsx
2026-01-28 00:58:56,628 - Knowledge - INFO - Batch sizing: calculated=5, max_allowed=10, queue=200, active_workers=20/20
2026-01-28 00:58:56,769 - Knowledge - INFO - Worker kw8 processing /app/data/T0015/311293/b0425cu/web-client-311293/src/components/vulnerabilities/categories/List.jsx
2026-01-28 00:58:56,866 - Knowledge - INFO - Progress: 30.5% | Files: 114/374 | Rate: 2.00 files/sec | Queue: 194
2026-01-28 00:58:56,886 - Knowledge - INFO - Async storing batch of 6 embeddings
2026-01-28 00:58:57,015 - Knowledge - INFO - Worker kw7 processing /app/data/T0015/311293/b0425cu/web-client-311293/src/components/users/Edit.jsx
2026-01-28 00:58:57,223 - Knowledge - INFO - [kw6] Queue=194, InProgress=0, PendingWorkers=20/20, Completed=114/374 (30.5%)
2026-01-28 00:58:57,224 - Knowledge - INFO - process ingested knowledge for /app/data/T0015/311293/b0425cu/web-client-311293/src/components/form/NativeInput.module.css
2026-01-28 00:58:57,357 - Knowledge - INFO - [LLM_CALL] Completed: AttachmentsTable.jsx:chunk1, Duration: 8281ms, PromptTokens: 2474, CompletionTokens: 439, Cost: $0.00042
2026-01-28 00:58:57,394 - Knowledge - INFO - Fast-tracked /app/data/T0015/311293/b0425cu/web-client-311293/src/components/users/Create.jsx (ext=.jsx, size=1547)
2026-01-28 00:58:57,584 - Knowledge - INFO - Fast-tracked /app/data/T0015/311293/b0425cu/web-client-311293/src/components/commands/Badge.jsx (ext=.jsx, size=372)
2026-01-28 00:58:57,674 - Knowledge - INFO - process ingested knowledge for /app/data/T0015/311293/b0425cu/web-client-311293/src/api/notifications.ts
2026-01-28 00:58:57,704 - Knowledge - INFO - Fast-tracked /app/data/T0015/311293/b0425cu/web-client-311293/src/components/agents/AgentDetailsPage.jsx (small file (2402 bytes))
2026-01-28 00:58:57,776 - Knowledge - INFO - Fast-tracked /app/data/T0015/311293/b0425cu/web-client-311293/src/components/vulnerabilities/StatusBadge.jsx (ext=.jsx, size=899)
2026-01-28 00:58:57,862 - Knowledge - INFO - Worker kw10 processing /app/data/T0015/311293/b0425cu/web-client-311293/src/components/commands/Table.jsx
2026-01-28 00:58:57,977 - Knowledge - INFO - Worker kw4 processing /app/data/T0015/311293/b0425cu/web-client-311293/src/components/documents/Preview.css
2026-01-28 00:58:58,180 - Knowledge - INFO - Fast-tracked /app/data/T0015/311293/b0425cu/web-client-311293/src/components/users/LastLogin.jsx (ext=.jsx, size=318)
2026-01-28 00:58:58,263 - Knowledge - INFO - process ingested knowledge for /app/data/T0015/311293/b0425cu/web-client-311293/src/components/form/NativeButtonGroup.jsx
2026-01-28 00:58:58,379 - Knowledge - INFO - Worker kw8 processing /app/data/T0015/311293/b0425cu/web-client-311293/src/components/vulnerabilities/VulnerabilityRemediationPanel.jsx
2026-01-28 00:58:58,461 - Knowledge - INFO - [kw13] Queue=189, InProgress=0, PendingWorkers=20/20, Completed=114/374 (30.5%)
2026-01-28 00:58:58,558 - Knowledge - INFO - Worker kw12 processing /app/data/T0015/311293/b0425cu/web-client-311293/src/components/vulnerabilities/CvssAbbr.jsx
2026-01-28 00:58:58,652 - Knowledge - INFO - Fast-tracked /app/data/T0015/311293/b0425cu/web-client-311293/src/components/users/Edit.jsx (ext=.jsx, size=1437)
2026-01-28 00:58:58,769 - Knowledge - INFO - Batch sizing: calculated=5, max_allowed=10, queue=194, active_workers=20/20
2026-01-28 00:58:58,848 - Knowledge - INFO - process ingested knowledge for /app/data/T0015/311293/b0425cu/web-client-311293/src/components/form/NativeInput.jsx
2026-01-28 00:58:58,931 - Knowledge - INFO - done ingest for /app/data/T0015/311293/b0425cu/web-client-311293/src/components/attachments/AttachmentsTable.jsx
2026-01-28 00:58:58,931 - Knowledge - INFO - [kw15] Queue=189, InProgress=0, PendingWorkers=20/20, Completed=114/374 (30.5%)
2026-01-28 00:58:58,931 - Knowledge - INFO - Async storing batch of 6 embeddings
2026-01-28 00:58:58,931 - Knowledge - INFO - [kw14] Queue=189, InProgress=0, PendingWorkers=20/20, Completed=114/374 (30.5%)
2026-01-28 00:58:58,932 - Knowledge - INFO - [kw16] Queue=189, InProgress=0, PendingWorkers=20/20, Completed=114/374 (30.5%)
2026-01-28 00:58:59,009 - Knowledge - INFO - Worker kw2 processing /app/data/T0015/311293/b0425cu/web-client-311293/src/components/users/List.jsx
2026-01-28 00:58:59,091 - Knowledge - INFO - Worker kw3 processing /app/data/T0015/311293/b0425cu/web-client-311293/src/components/commands/CommandsListPage.jsx
2026-01-28 00:58:59,177 - Knowledge - INFO - process ingested knowledge for /app/data/T0015/311293/b0425cu/web-client-311293/src/api/projects.ts
2026-01-28 00:58:59,353 - Knowledge - INFO - Worker kw9 processing /app/data/T0015/311293/b0425cu/web-client-311293/src/components/vulnerabilities/categories/EditModalDialog.jsx
2026-01-28 00:58:59,443 - Knowledge - INFO - Fast-tracked /app/data/T0015/311293/b0425cu/web-client-311293/src/components/commands/Table.jsx (ext=.jsx, size=1860)
2026-01-28 00:58:59,528 - Knowledge - INFO - Fast-tracked /app/data/T0015/311293/b0425cu/web-client-311293/src/components/documents/Preview.css (ext=.css, size=314)
2026-01-28 00:58:59,602 - Knowledge - INFO - Worker kw5 processing /app/data/T0015/311293/b0425cu/web-client-311293/src/components/users/Profile.jsx
2026-01-28 00:58:59,691 - Knowledge - INFO - process ingested knowledge for /app/data/T0015/311293/b0425cu/web-client-311293/src/components/attachments/Dropzone.jsx
2026-01-28 00:58:59,807 - Knowledge - INFO - Fast-tracked /app/data/T0015/311293/b0425cu/web-client-311293/src/components/vulnerabilities/VulnerabilityRemediationPanel.jsx (ext=.jsx, size=1895)
2026-01-28 00:58:59,905 - Knowledge - INFO - Batch sizing: calculated=5, max_allowed=10, queue=189, active_workers=20/20
2026-01-28 00:59:00,045 - Knowledge - INFO - Fast-tracked /app/data/T0015/311293/b0425cu/web-client-311293/src/components/vulnerabilities/CvssAbbr.jsx (ext=.jsx, size=113)
2026-01-28 00:59:00,121 - Knowledge - INFO - Worker kw7 processing /app/data/T0015/311293/b0425cu/web-client-311293/src/components/users/Preferences.jsx
2026-01-28 00:59:00,211 - Knowledge - INFO - Async storing batch of 6 embeddings
2026-01-28 00:59:00,311 - Knowledge - INFO - process ingested knowledge for /app/data/T0015/311293/b0425cu/web-client-311293/src/components/form/NativeSelect.jsx
2026-01-28 00:59:00,556 - Knowledge - INFO - Batch sizing: calculated=5, max_allowed=10, queue=189, active_workers=20/20
2026-01-28 00:59:00,856 - Knowledge - INFO - Worker kw11 processing /app/data/T0015/311293/b0425cu/web-client-311293/src/components/vulnerabilities/templates/Details.jsx
2026-01-28 00:59:00,893 - Knowledge - INFO - Batch sizing: calculated=5, max_allowed=10, queue=189, active_workers=20/20
2026-01-28 00:59:01,020 - Knowledge - INFO - Batch sizing: calculated=5, max_allowed=10, queue=189, active_workers=20/20
2026-01-28 00:59:01,224 - Knowledge - INFO - Worker kw2 processing /app/data/T0015/311293/b0425cu/web-client-311293/src/components/commands/Instructions.jsx
2026-01-28 00:59:01,348 - Knowledge - INFO - Fast-tracked /app/data/T0015/311293/b0425cu/web-client-311293/src/components/commands/CommandsListPage.jsx (ext=.jsx, size=1846)
2026-01-28 00:59:01,450 - Knowledge - INFO - process ingested knowledge for /app/data/T0015/311293/b0425cu/web-client-311293/src/components/form/NativeTextArea.jsx
2026-01-28 00:59:01,638 - Knowledge - INFO - Fast-tracked /app/data/T0015/311293/b0425cu/web-client-311293/src/components/vulnerabilities/categories/EditModalDialog.jsx (ext=.jsx, size=1957)
2026-01-28 00:59:01,696 - Knowledge - INFO - Worker kw10 processing /app/data/T0015/311293/b0425cu/web-client-311293/src/components/commands/Form.jsx
2026-01-28 00:59:01,816 - Knowledge - INFO - Worker kw4 processing /app/data/T0015/311293/b0425cu/web-client-311293/src/components/documents/Details.jsx
2026-01-28 00:59:01,939 - Knowledge - INFO - Async storage completed for 6 embeddings
2026-01-28 00:59:02,226 - Knowledge - INFO - Worker kw8 processing /app/data/T0015/311293/b0425cu/web-client-311293/src/components/vulnerabilities/OwaspRR.jsx
2026-01-28 00:59:02,387 - Knowledge - INFO - Async storing batch of 6 embeddings
2026-01-28 00:59:02,496 - Knowledge - INFO - Worker kw12 processing /app/data/T0015/311293/b0425cu/web-client-311293/src/components/vulnerabilities/Routes.jsx
2026-01-28 00:59:02,600 - Knowledge - INFO - [LLM_CALL] Completed: Details.jsx:chunk1, Duration: 12744ms, PromptTokens: 5236, CompletionTokens: 624, Cost: $0.00077
2026-01-28 00:59:02,640 - Knowledge - INFO - Worker kw7 processing /app/data/T0015/311293/b0425cu/web-client-311293/src/components/users/Routes.jsx
2026-01-28 00:59:02,702 - Knowledge - INFO - Worker kw6 processing /app/data/T0015/311293/b0425cu/web-client-311293/src/components/notifications/List.jsx
2026-01-28 00:59:03,018 - Knowledge - INFO - Worker kw11 processing /app/data/T0015/311293/b0425cu/web-client-311293/src/components/vulnerabilities/templates/List.jsx
2026-01-28 00:59:03,325 - Knowledge - INFO - Worker kw2 processing /app/data/T0015/311293/b0425cu/web-client-311293/src/components/commands/ScheduledRuns.jsx
2026-01-28 00:59:03,406 - Knowledge - INFO - Worker kw3 processing /app/data/T0015/311293/b0425cu/web-client-311293/src/components/commands/Edit.jsx
2026-01-28 00:59:03,663 - Knowledge - INFO - Worker kw9 processing /app/data/T0015/311293/b0425cu/web-client-311293/src/components/vulnerabilities/categories/AddModalDialog.jsx
2026-01-28 00:59:03,783 - Knowledge - INFO - Worker kw10 processing /app/data/T0015/311293/b0425cu/web-client-311293/src/components/commands/Outputs.jsx
2026-01-28 00:59:03,900 - Knowledge - INFO - Async storage completed for 6 embeddings
2026-01-28 00:59:04,047 - Knowledge - INFO - Fast-tracked /app/data/T0015/311293/b0425cu/web-client-311293/src/components/documents/Form.jsx (small file (2364 bytes))
2026-01-28 00:59:04,146 - Knowledge - INFO - Worker kw8 processing /app/data/T0015/311293/b0425cu/web-client-311293/src/components/vulnerabilities/VulnerabilityDescriptionPanel.jsx
2026-01-28 00:59:04,249 - Knowledge - INFO - Worker kw13 processing /app/data/T0015/311293/b0425cu/web-client-311293/src/components/projects/vault/VaultTable.jsx
2026-01-28 00:59:04,340 - Knowledge - INFO - Fast-tracked /app/data/T0015/311293/b0425cu/web-client-311293/src/components/vulnerabilities/Routes.jsx (ext=.jsx, size=1146)
2026-01-28 00:59:04,479 - Knowledge - INFO - done ingest for /app/data/T0015/311293/b0425cu/web-client-311293/src/components/clients/Details.jsx
2026-01-28 00:59:04,484 - Knowledge - INFO - Async storing batch of 6 embeddings
2026-01-28 00:59:04,484 - Knowledge - INFO - Async storing batch of 6 embeddings
2026-01-28 00:59:04,485 - Knowledge - INFO - Async storing batch of 6 embeddings
2026-01-28 00:59:04,491 - Knowledge - INFO - [LLM_CALL] Completed: Form.jsx:chunk1, Duration: 9808ms, PromptTokens: 2446, CompletionTokens: 277, Cost: $0.00036
2026-01-28 00:59:04,593 - Knowledge - INFO - Fast-tracked /app/data/T0015/311293/b0425cu/web-client-311293/src/components/users/Routes.jsx (ext=.jsx, size=734)
2026-01-28 00:59:04,687 - Knowledge - INFO - Worker kw6 processing /app/data/T0015/311293/b0425cu/web-client-311293/src/components/projects/DetailsTab.jsx
2026-01-28 00:59:04,783 - Knowledge - INFO - Worker kw11 processing /app/data/T0015/311293/b0425cu/web-client-311293/src/components/vulnerabilities/List.jsx
2026-01-28 00:59:04,896 - Knowledge - INFO - Fast-tracked /app/data/T0015/311293/b0425cu/web-client-311293/src/components/commands/ScheduledRuns.jsx (ext=.jsx, size=1736)
2026-01-28 00:59:04,984 - Knowledge - INFO - Fast-tracked /app/data/T0015/311293/b0425cu/web-client-311293/src/components/commands/Edit.jsx (ext=.jsx, size=1831)
2026-01-28 00:59:05,089 - Knowledge - INFO - Worker kw9 processing /app/data/T0015/311293/b0425cu/web-client-311293/src/components/vulnerabilities/categories/Span.jsx
2026-01-28 00:59:05,169 - Knowledge - INFO - Worker kw10 processing /app/data/T0015/311293/b0425cu/web-client-311293/src/components/vulnerabilities/VulnerabilityTableModel.ts
2026-01-28 00:59:05,275 - Knowledge - INFO - Fast-tracked /app/data/T0015/311293/b0425cu/web-client-311293/src/components/documents/Details.jsx (small file (3011 bytes))
2026-01-28 00:59:05,482 - Knowledge - INFO - Worker kw8 processing /app/data/T0015/311293/b0425cu/web-client-311293/src/components/vulnerabilities/Edit.jsx
2026-01-28 00:59:05,561 - Knowledge - INFO - Worker kw13 processing /app/data/T0015/311293/b0425cu/web-client-311293/src/components/projects/ProjectsListPage.jsx
2026-01-28 00:59:05,646 - Knowledge - INFO - Worker kw12 processing /app/data/T0015/311293/b0425cu/web-client-311293/src/components/vulnerabilities/VulnerabilitiesTable.jsx
2026-01-28 00:59:05,836 - Knowledge - INFO - Worker kw15 processing /app/data/T0015/311293/b0425cu/web-client-311293/src/components/projects/Edit.jsx
2026-01-28 00:59:05,920 - Knowledge - INFO - Worker kw14 processing /app/data/T0015/311293/b0425cu/web-client-311293/src/components/projects/Targets.jsx
2026-01-28 00:59:06,001 - Knowledge - INFO - Worker kw16 processing /app/data/T0015/311293/b0425cu/web-client-311293/src/components/projects/Form.jsx
2026-01-28 00:59:06,113 - Knowledge - INFO - done ingest for /app/data/T0015/311293/b0425cu/web-client-311293/src/components/clients/Form.jsx
2026-01-28 00:59:06,123 - Knowledge - INFO - [kw18] Queue=164, InProgress=0, PendingWorkers=20/20, Completed=115/374 (30.7%)
2026-01-28 00:59:06,124 - Knowledge - INFO - [kw19] Queue=164, InProgress=0, PendingWorkers=20/20, Completed=115/374 (30.7%)
2026-01-28 00:59:06,124 - Knowledge - INFO - [kw17] Queue=164, InProgress=0, PendingWorkers=20/20, Completed=115/374 (30.7%)
2026-01-28 00:59:06,171 - Knowledge - INFO - Processing batch of 6 files
2026-01-28 00:59:06,213 - Knowledge - INFO - Worker kw7 processing /app/data/T0015/311293/b0425cu/web-client-311293/src/components/users/Link.css
2026-01-28 00:59:06,288 - Knowledge - INFO - Worker kw6 processing /app/data/T0015/311293/b0425cu/web-client-311293/src/components/projects/vault/VaultItemEdit.jsx
2026-01-28 00:59:06,377 - Knowledge - INFO - Worker kw11 processing /app/data/T0015/311293/b0425cu/web-client-311293/src/components/notifications/NotificationsBadge.jsx
2026-01-28 00:59:06,572 - Knowledge - INFO - Worker kw3 processing /app/data/T0015/311293/b0425cu/web-client-311293/src/components/commands/CommandDetailsPage.jsx
2026-01-28 00:59:06,655 - Knowledge - INFO - Fast-tracked /app/data/T0015/311293/b0425cu/web-client-311293/src/components/vulnerabilities/categories/Span.jsx (ext=.jsx, size=358)
2026-01-28 00:59:06,772 - Knowledge - INFO - Fast-tracked /app/data/T0015/311293/b0425cu/web-client-311293/src/components/vulnerabilities/VulnerabilityTableModel.ts (ext=.ts, size=515)
2026-01-28 00:59:06,906 - Knowledge - INFO - Processing batch of 6 files
2026-01-28 00:59:06,956 - Knowledge - INFO - Worker kw8 processing /app/data/T0015/311293/b0425cu/web-client-311293/src/components/vulnerabilities/Details.jsx
2026-01-28 00:59:07,047 - Knowledge - INFO - Worker kw13 processing /app/data/T0015/311293/b0425cu/web-client-311293/src/components/projects/AttachmentsTab.jsx
2026-01-28 00:59:07,131 - Knowledge - INFO - Worker kw12 processing /app/data/T0015/311293/b0425cu/web-client-311293/src/components/vulnerabilities/NotesTab.jsx
2026-01-28 00:59:07,218 - Knowledge - INFO - Worker kw15 processing /app/data/T0015/311293/b0425cu/web-client-311293/src/components/projects/Tasks.jsx
2026-01-28 00:59:07,294 - Knowledge - INFO - Worker kw14 processing /app/data/T0015/311293/b0425cu/web-client-311293/src/components/projects/ProjectBadge.jsx
2026-01-28 00:59:07,374 - Knowledge - INFO - Worker kw16 processing /app/data/T0015/311293/b0425cu/web-client-311293/src/components/projects/Create.jsx
2026-01-28 00:59:07,519 - Knowledge - INFO - Processing batch of 6 files
2026-01-28 00:59:07,555 - Knowledge - INFO - Batch sizing: calculated=5, max_allowed=10, queue=164, active_workers=20/20
2026-01-28 00:59:07,648 - Knowledge - INFO - Batch sizing: calculated=5, max_allowed=10, queue=164, active_workers=20/20
2026-01-28 00:59:07,732 - Knowledge - INFO - Batch sizing: calculated=5, max_allowed=10, queue=164, active_workers=20/20
2026-01-28 00:59:07,811 - Knowledge - INFO - process ingested knowledge for /app/data/T0015/311293/b0425cu/web-client-311293/src/components/attachments/AttachmentsTable.jsx
2026-01-28 00:59:07,904 - Knowledge - INFO - Fast-tracked /app/data/T0015/311293/b0425cu/web-client-311293/src/components/users/Link.css (ext=.css, size=133)
2026-01-28 00:59:07,993 - Knowledge - INFO - Worker kw6 processing /app/data/T0015/311293/b0425cu/web-client-311293/src/components/projects/vault/VaultTab.jsx
2026-01-28 00:59:08,086 - Knowledge - INFO - Worker kw11 processing /app/data/T0015/311293/b0425cu/web-client-311293/src/components/notifications/Routes.jsx
2026-01-28 00:59:08,306 - Knowledge - INFO - Worker kw9 processing /app/data/T0015/311293/b0425cu/web-client-311293/src/components/vulnerabilities/categories/Form.jsx
2026-01-28 00:59:08,390 - Knowledge - INFO - Async storage completed for 6 embeddings
2026-01-28 00:59:08,482 - Knowledge - INFO - process ingested knowledge for /app/data/T0015/311293/b0425cu/web-client-311293/src/components/documents/Add.jsx
2026-01-28 00:59:08,608 - Knowledge - INFO - Async storage completed for 6 embeddings
2026-01-28 00:59:08,683 - Knowledge - INFO - Fast-tracked /app/data/T0015/311293/b0425cu/web-client-311293/src/components/projects/AttachmentsTab.jsx (ext=.jsx, size=902)
2026-01-28 00:59:08,761 - Knowledge - INFO - Worker kw12 processing /app/data/T0015/311293/b0425cu/web-client-311293/src/components/vulnerabilities/Form.jsx
2026-01-28 00:59:08,851 - Knowledge - INFO - Worker kw15 processing /app/data/T0015/311293/b0425cu/web-client-311293/src/components/projects/Details.jsx
2026-01-28 00:59:08,931 - Knowledge - INFO - Fast-tracked /app/data/T0015/311293/b0425cu/web-client-311293/src/components/projects/ProjectBadge.jsx (ext=.jsx, size=279)
2026-01-28 00:59:09,013 - Knowledge - INFO - Fast-tracked /app/data/T0015/311293/b0425cu/web-client-311293/src/components/projects/Create.jsx (ext=.jsx, size=1893)
2026-01-28 00:59:09,111 - Knowledge - INFO - process ingested knowledge for /app/data/T0015/311293/b0425cu/web-client-311293/src/components/clients/Form.jsx
2026-01-28 00:59:09,193 - Knowledge - INFO - Async storing batch of 6 embeddings
2026-01-28 00:59:09,293 - Knowledge - INFO - Async storing batch of 6 embeddings
2026-01-28 00:59:09,420 - Knowledge - INFO - Async storing batch of 6 embeddings
2026-01-28 00:59:09,502 - Knowledge - INFO - process ingested knowledge for /app/data/T0015/311293/b0425cu/web-client-311293/src/components/clients/OrganisationsUrls.ts
2026-01-28 00:59:09,603 - Knowledge - INFO - Async storage completed for 6 embeddings
2026-01-28 00:59:09,692 - Knowledge - INFO - Fast-tracked /app/data/T0015/311293/b0425cu/web-client-311293/src/components/projects/vault/VaultTab.jsx (ext=.jsx, size=680)
2026-01-28 00:59:09,779 - Knowledge - INFO - Fast-tracked /app/data/T0015/311293/b0425cu/web-client-311293/src/components/notifications/Routes.jsx (ext=.jsx, size=224)
2026-01-28 00:59:09,868 - Knowledge - INFO - Async storage completed for 6 embeddings
2026-01-28 00:59:09,960 - Knowledge - INFO - Fast-tracked /app/data/T0015/311293/b0425cu/web-client-311293/src/components/commands/Form.jsx (small file (2712 bytes))
2026-01-28 00:59:10,051 - Knowledge - INFO - process ingested knowledge for /app/data/T0015/311293/b0425cu/web-client-311293/src/components/documents/Badge.jsx
2026-01-28 00:59:10,234 - Knowledge - INFO - Worker kw13 processing /app/data/T0015/311293/b0425cu/web-client-311293/src/components/projects/ProjectBadge.css
2026-01-28 00:59:10,319 - Knowledge - INFO - Worker kw12 processing /app/data/T0015/311293/b0425cu/web-client-311293/src/components/vulnerabilities/Create.jsx
2026-01-28 00:59:10,399 - Knowledge - INFO - Worker kw15 processing /app/data/T0015/311293/b0425cu/web-client-311293/src/components/projects/Vulnerabilities.jsx
2026-01-28 00:59:10,519 - Knowledge - INFO - Worker kw14 processing /app/data/T0015/311293/b0425cu/web-client-311293/src/components/projects/Report.css
2026-01-28 00:59:10,616 - Knowledge - INFO - Worker kw16 processing /app/data/T0015/311293/b0425cu/web-client-311293/src/components/projects/Membership.jsx
2026-01-28 00:59:10,702 - Knowledge - INFO - process ingested knowledge for /app/data/T0015/311293/b0425cu/web-client-311293/src/components/clients/Create.jsx
2026-01-28 00:59:10,829 - Knowledge - INFO - Worker kw18 processing /app/data/T0015/311293/b0425cu/web-client-311293/src/components/projects/templates/Routes.jsx
2026-01-28 00:59:10,945 - Knowledge - INFO - Worker kw19 processing /app/data/T0015/311293/b0425cu/web-client-311293/src/components/search/ProjectTemplatesSearchResults.jsx
2026-01-28 00:59:11,036 - Knowledge - INFO - Worker kw17 processing /app/data/T0015/311293/b0425cu/web-client-311293/src/components/search/CommandsSearchResults.jsx
2026-01-28 00:59:11,112 - Knowledge - INFO - process ingested knowledge for /app/data/T0015/311293/b0425cu/web-client-311293/src/components/clients/Link.jsx
2026-01-28 00:59:11,171 - Knowledge - INFO - Async storage completed for 6 embeddings
2026-01-28 00:59:11,300 - Knowledge - INFO - Worker kw6 processing /app/data/T0015/311293/b0425cu/web-client-311293/src/components/projects/vault/VaultSecretForm.jsx
2026-01-28 00:59:11,348 - Knowledge - INFO - Async storage completed for 6 embeddings
2026-01-28 00:59:11,395 - Knowledge - INFO - Async storage completed for 6 embeddings
2026-01-28 00:59:11,653 - Knowledge - INFO - process ingested knowledge for /app/data/T0015/311293/b0425cu/web-client-311293/src/components/documents/DocumentsListPage.jsx
2026-01-28 00:59:11,769 - Knowledge - INFO - Fast-tracked /app/data/T0015/311293/b0425cu/web-client-311293/src/components/projects/ProjectBadge.css (ext=.css, size=70)
2026-01-28 00:59:11,848 - Knowledge - INFO - Async storage completed for 6 embeddings
2026-01-28 00:59:11,940 - Knowledge - INFO - Worker kw15 processing /app/data/T0015/311293/b0425cu/web-client-311293/src/components/projects/Routes.jsx
2026-01-28 00:59:12,037 - Knowledge - INFO - Fast-tracked /app/data/T0015/311293/b0425cu/web-client-311293/src/components/projects/Report.css (ext=.css, size=267)
2026-01-28 00:59:12,156 - Knowledge - INFO - Worker kw16 processing /app/data/T0015/311293/b0425cu/web-client-311293/src/components/projects/Report.jsx
2026-01-28 00:59:12,241 - Knowledge - INFO - process ingested knowledge for /app/data/T0015/311293/b0425cu/web-client-311293/src/components/clients/List.jsx
2026-01-28 00:59:12,383 - Knowledge - INFO - [LLM_CALL] Completed: Profile.jsx:chunk1, Duration: 6267ms, PromptTokens: 2844, CompletionTokens: 470, Cost: $0.00047
2026-01-28 00:59:12,389 - Knowledge - INFO - Fast-tracked /app/data/T0015/311293/b0425cu/web-client-311293/src/components/projects/templates/Routes.jsx (ext=.jsx, size=446)
2026-01-28 00:59:12,476 - Knowledge - INFO - Fast-tracked /app/data/T0015/311293/b0425cu/web-client-311293/src/components/search/ProjectTemplatesSearchResults.jsx (ext=.jsx, size=1156)
2026-01-28 00:59:12,551 - Knowledge - INFO - Fast-tracked /app/data/T0015/311293/b0425cu/web-client-311293/src/components/search/CommandsSearchResults.jsx (ext=.jsx, size=1043)
2026-01-28 00:59:12,679 - Knowledge - INFO - process ingested knowledge for /app/data/T0015/311293/b0425cu/web-client-311293/src/components/clients/Edit.jsx
2026-01-28 00:59:13,128 - Knowledge - INFO - process ingested knowledge for /app/data/T0015/311293/b0425cu/web-client-311293/src/components/documents/Edit.jsx
2026-01-28 00:59:13,203 - Knowledge - INFO - Worker kw13 processing /app/data/T0015/311293/b0425cu/web-client-311293/src/components/projects/Layout.jsx
2026-01-28 00:59:13,378 - Knowledge - INFO - Fast-tracked /app/data/T0015/311293/b0425cu/web-client-311293/src/components/projects/Routes.jsx (ext=.jsx, size=1271)
2026-01-28 00:59:13,491 - Knowledge - INFO - Worker kw14 processing /app/data/T0015/311293/b0425cu/web-client-311293/src/components/projects/NotesTab.jsx
2026-01-28 00:59:13,582 - Knowledge - INFO - Fast-tracked /app/data/T0015/311293/b0425cu/web-client-311293/src/components/projects/Report.jsx (ext=.jsx, size=1772)
2026-01-28 00:59:13,670 - Knowledge - INFO - process ingested knowledge for /app/data/T0015/311293/b0425cu/web-client-311293/src/components/agents/AgentsListPage.jsx
2026-01-28 00:59:13,760 - Knowledge - INFO - done ingest for /app/data/T0015/311293/b0425cu/web-client-311293/src/components/users/Profile.jsx
2026-01-28 00:59:13,851 - Knowledge - INFO - Worker kw18 processing /app/data/T0015/311293/b0425cu/web-client-311293/src/components/projects/templates/List.jsx
2026-01-28 00:59:13,935 - Knowledge - INFO - Worker kw19 processing /app/data/T0015/311293/b0425cu/web-client-311293/src/components/search/SearchUrls.ts
2026-01-28 00:59:14,024 - Knowledge - INFO - Worker kw17 processing /app/data/T0015/311293/b0425cu/web-client-311293/src/components/search/VulnerabilitiesSearchResults.jsx
2026-01-28 00:59:14,120 - Knowledge - INFO - process ingested knowledge for /app/data/T0015/311293/b0425cu/web-client-311293/src/components/clients/Details.jsx
2026-01-28 00:59:14,251 - Knowledge - INFO - process ingested knowledge for /app/data/T0015/311293/b0425cu/web-client-311293/src/components/documents/Preview.css
2026-01-28 00:59:14,394 - Knowledge - INFO - Fast-tracked /app/data/T0015/311293/b0425cu/web-client-311293/src/components/projects/Layout.jsx (ext=.jsx, size=1324)
2026-01-28 00:59:14,483 - Knowledge - INFO - Async storage completed for 6 embeddings
2026-01-28 00:59:14,565 - Knowledge - INFO - Fast-tracked /app/data/T0015/311293/b0425cu/web-client-311293/src/components/projects/NotesTab.jsx (ext=.jsx, size=1662)
2026-01-28 00:59:14,661 - Knowledge - INFO - Worker kw16 processing /app/data/T0015/311293/b0425cu/web-client-311293/src/components/projects/templates/Details.jsx
2026-01-28 00:59:14,759 - Knowledge - INFO - process ingested knowledge for /app/data/T0015/311293/b0425cu/web-client-311293/src/components/agents/AgentDetailsPage.jsx
2026-01-28 00:59:14,953 - Knowledge - INFO - Worker kw18 processing /app/data/T0015/311293/b0425cu/web-client-311293/src/components/search/SearchResultsPage.jsx
2026-01-28 00:59:15,063 - Knowledge - INFO - Fast-tracked /app/data/T0015/311293/b0425cu/web-client-311293/src/components/search/SearchUrls.ts (ext=.ts, size=157)
2026-01-28 00:59:15,208 - Knowledge - INFO - Fast-tracked /app/data/T0015/311293/b0425cu/web-client-311293/src/components/search/VulnerabilitiesSearchResults.jsx (ext=.jsx, size=1450)
2026-01-28 00:59:15,230 - Knowledge - INFO - Processing batch of 6 files
2026-01-28 00:59:15,286 - Knowledge - INFO - process ingested knowledge for /app/data/T0015/311293/b0425cu/web-client-311293/src/components/clients/Routes.jsx
2026-01-28 00:59:15,453 - Knowledge - INFO - process ingested knowledge for /app/data/T0015/311293/b0425cu/web-client-311293/src/components/documents/Details.jsx
2026-01-28 00:59:15,536 - Knowledge - INFO - Async storage completed for 6 embeddings
2026-01-28 00:59:15,687 - Knowledge - INFO - Fast-tracked /app/data/T0015/311293/b0425cu/web-client-311293/src/components/projects/Edit.jsx (small file (2023 bytes))
2026-01-28 00:59:15,836 - Knowledge - INFO - Worker kw14 processing /app/data/T0015/311293/b0425cu/web-client-311293/src/components/projects/Table.jsx
2026-01-28 00:59:15,966 - Knowledge - INFO - Fast-tracked /app/data/T0015/311293/b0425cu/web-client-311293/src/components/vulnerabilities/categories/AddModalDialog.jsx (small file (2036 bytes))
2026-01-28 00:59:16,111 - Knowledge - INFO - Async storage completed for 6 embeddings
2026-01-28 00:59:16,124 - Knowledge - INFO - process ingested knowledge for /app/data/T0015/311293/b0425cu/web-client-311293/src/components/agents/AgentsRoutes.jsx
2026-01-28 00:59:16,289 - Knowledge - INFO - Worker kw18 processing /app/data/T0015/311293/b0425cu/web-client-311293/src/components/search/VulnerabilityTemplatesSearchResults.jsx
2026-01-28 00:59:16,384 - Knowledge - INFO - Worker kw19 processing /app/data/T0015/311293/b0425cu/web-client-311293/src/components/search/TasksSearchResults.jsx
2026-01-28 00:59:16,555 - Knowledge - INFO - Worker kw17 processing /app/data/T0015/311293/b0425cu/web-client-311293/src/components/search/AdvancedSearch.jsx
2026-01-28 00:59:16,683 - Knowledge - INFO - process ingested knowledge for /app/data/T0015/311293/b0425cu/web-client-311293/src/components/documents/Preview.jsx
2026-01-28 00:59:17,358 - Knowledge - INFO - Fast-tracked /app/data/T0015/311293/b0425cu/web-client-311293/src/components/projects/vault/VaultTable.jsx (small file (2196 bytes))
2026-01-28 00:59:17,483 - Knowledge - INFO - Fast-tracked /app/data/T0015/311293/b0425cu/web-client-311293/src/components/projects/Tasks.jsx (small file (3031 bytes))
2026-01-28 00:59:17,659 - Knowledge - INFO - Async storage completed for 6 embeddings
2026-01-28 00:59:17,788 - Knowledge - INFO - Fast-tracked /app/data/T0015/311293/b0425cu/web-client-311293/src/components/vulnerabilities/categories/Form.jsx (small file (2514 bytes))
2026-01-28 00:59:18,236 - Knowledge - INFO - Fast-tracked /app/data/T0015/311293/b0425cu/web-client-311293/src/components/search/VulnerabilityTemplatesSearchResults.jsx (ext=.jsx, size=1509)
2026-01-28 00:59:18,480 - Knowledge - INFO - Fast-tracked /app/data/T0015/311293/b0425cu/web-client-311293/src/components/search/TasksSearchResults.jsx (ext=.jsx, size=1228)
2026-01-28 00:59:18,619 - Knowledge - INFO - Worker kw17 processing /app/data/T0015/311293/b0425cu/web-client-311293/src/components/tasks/Filters.jsx
2026-01-28 00:59:18,891 - Knowledge - INFO - Fast-tracked /app/data/T0015/311293/b0425cu/web-client-311293/src/components/projects/ProjectsListPage.jsx (small file (2758 bytes))
2026-01-28 00:59:19,440 - Knowledge - INFO - [LLM_CALL] Completed: Preferences.jsx:chunk1, Duration: 8216ms, PromptTokens: 2666, CompletionTokens: 353, Cost: $0.00041
2026-01-28 00:59:19,767 - Knowledge - INFO - Worker kw18 processing /app/data/T0015/311293/b0425cu/web-client-311293/src/components/search/Box.jsx
2026-01-28 00:59:19,913 - Knowledge - INFO - Worker kw19 processing /app/data/T0015/311293/b0425cu/web-client-311293/src/components/search/Routes.jsx
2026-01-28 00:59:20,138 - Knowledge - INFO - Worker kw17 processing /app/data/T0015/311293/b0425cu/web-client-311293/src/components/tasks/TasksListPage.jsx
2026-01-28 00:59:20,186 - Knowledge - INFO - process ingested knowledge for /app/data/T0015/311293/b0425cu/web-client-311293/src/components/documents/Routes.jsx
2026-01-28 00:59:20,317 - Knowledge - INFO - done ingest for /app/data/T0015/311293/b0425cu/web-client-311293/src/components/users/Preferences.jsx
2026-01-28 00:59:20,328 - Knowledge - INFO - Fast-tracked /app/data/T0015/311293/b0425cu/web-client-311293/src/components/vulnerabilities/NotesTab.jsx (small file (2195 bytes))
2026-01-28 00:59:20,589 - Knowledge - INFO - Fast-tracked /app/data/T0015/311293/b0425cu/web-client-311293/src/components/search/Box.jsx (ext=.jsx, size=1477)
2026-01-28 00:59:20,657 - Knowledge - INFO - Fast-tracked /app/data/T0015/311293/b0425cu/web-client-311293/src/components/search/Routes.jsx (ext=.jsx, size=395)
2026-01-28 00:59:20,817 - Knowledge - INFO - Async storage completed for 6 embeddings
2026-01-28 00:59:20,936 - Knowledge - INFO - [LLM_CALL] Completed: UsageForm.jsx:chunk1, Duration: 12757ms, PromptTokens: 2680, CompletionTokens: 270, Cost: $0.00038
2026-01-28 00:59:21,371 - Knowledge - INFO - Async storage completed for 6 embeddings
2026-01-28 00:59:21,475 - Knowledge - INFO - Worker kw19 processing /app/data/T0015/311293/b0425cu/web-client-311293/src/components/search/ProjectsSearchResults.jsx
2026-01-28 00:59:21,739 - Knowledge - INFO - done ingest for /app/data/T0015/311293/b0425cu/web-client-311293/src/components/commands/UsageForm.jsx
2026-01-28 00:59:21,777 - Knowledge - INFO - process ingested knowledge for /app/data/T0015/311293/b0425cu/web-client-311293/src/components/documents/Table.jsx
2026-01-28 00:59:22,087 - Knowledge - INFO - Fast-tracked /app/data/T0015/311293/b0425cu/web-client-311293/src/components/search/ProjectsSearchResults.jsx (ext=.jsx, size=1063)
2026-01-28 00:59:22,433 - Knowledge - INFO - Async storage completed for 6 embeddings
2026-01-28 00:59:23,200 - Knowledge - INFO - process ingested knowledge for /app/data/T0015/311293/b0425cu/web-client-311293/src/components/documents/Form.jsx
2026-01-28 00:59:24,333 - Knowledge - INFO - process ingested knowledge for /app/data/T0015/311293/b0425cu/web-client-311293/src/components/users/LastLogin.jsx
2026-01-28 00:59:24,340 - Knowledge - INFO - [WEBSOCKET] Sent: Type=progress_update, Size: 293, Duration: 0ms
2026-01-28 00:59:24,346 - Knowledge - INFO - [kw20] Queue=149, InProgress=0, PendingWorkers=20/20, Completed=145/374 (38.8%)
2026-01-28 00:59:24,855 - Knowledge - INFO - process ingested knowledge for /app/data/T0015/311293/b0425cu/web-client-311293/src/components/users/Profile.jsx
2026-01-28 00:59:24,957 - Knowledge - INFO - Batch sizing: calculated=5, max_allowed=10, queue=149, active_workers=20/20
2026-01-28 00:59:24,996 - Knowledge - INFO - [WEBSOCKET] Sent: Type=unknown, Size: ?, Duration: 656ms
2026-01-28 00:59:25,501 - Knowledge - INFO - Progress: 38.8% | Files: 149/374 | Rate: 1.69 files/sec | Queue: 149
2026-01-28 00:59:25,645 - Knowledge - INFO - [LLM_CALL] Completed: Outputs.jsx:chunk1, Duration: 14058ms, PromptTokens: 2770, CompletionTokens: 473, Cost: $0.00047
2026-01-28 00:59:25,700 - Knowledge - INFO - [kw1] Queue=144, InProgress=0, PendingWorkers=20/20, Completed=150/374 (40.1%)
2026-01-28 00:59:25,769 - Knowledge - INFO - [kw4] Queue=144, InProgress=0, PendingWorkers=20/20, Completed=150/374 (40.1%)
2026-01-28 00:59:25,894 - Knowledge - INFO - done ingest for /app/data/T0015/311293/b0425cu/web-client-311293/src/components/commands/Outputs.jsx
2026-01-28 00:59:25,944 - Knowledge - INFO - [LLM_CALL] Completed: Filters.jsx:chunk1, Duration: 14455ms, PromptTokens: 1890, CompletionTokens: 270, Cost: $0.00030
2026-01-28 00:59:25,967 - Knowledge - INFO - Async storing batch of 6 embeddings
2026-01-28 00:59:26,029 - Knowledge - INFO - Batch sizing: calculated=5, max_allowed=10, queue=144, active_workers=20/20
2026-01-28 00:59:26,177 - Knowledge - INFO - Batch sizing: calculated=5, max_allowed=10, queue=144, active_workers=20/20
2026-01-28 00:59:26,417 - Knowledge - INFO - done ingest for /app/data/T0015/311293/b0425cu/web-client-311293/src/components/vulnerabilities/Filters.jsx
2026-01-28 00:59:26,418 - Knowledge - INFO - Processing batch of 5 files
2026-01-28 00:59:26,840 - Knowledge - INFO - [LLM_CALL] Completed: CommandDetailsPage.jsx:chunk1, Duration: 17117ms, PromptTokens: 3332, CompletionTokens: 485, Cost: $0.00053
2026-01-28 00:59:26,849 - Knowledge - INFO - Worker kw20 processing /app/data/T0015/311293/b0425cu/web-client-311293/src/components/tasks/TaskStatusFormatter.css
2026-01-28 00:59:27,309 - Knowledge - INFO - process ingested knowledge for /app/data/T0015/311293/b0425cu/web-client-311293/src/components/projects/vault/VaultTable.jsx
2026-01-28 00:59:27,400 - Knowledge - INFO - done ingest for /app/data/T0015/311293/b0425cu/web-client-311293/src/components/commands/CommandDetailsPage.jsx
2026-01-28 00:59:27,441 - Knowledge - INFO - Async storing batch of 6 embeddings
2026-01-28 00:59:27,465 - Knowledge - INFO - [LLM_CALL] Completed: Form.jsx:chunk1, Duration: 5683ms, PromptTokens: 2388, CompletionTokens: 252, Cost: $0.00034
2026-01-28 00:59:27,466 - Knowledge - INFO - Async storing batch of 6 embeddings
2026-01-28 00:59:27,524 - Knowledge - INFO - Fast-tracked /app/data/T0015/311293/b0425cu/web-client-311293/src/components/tasks/TaskStatusFormatter.css (ext=.css, size=369)
2026-01-28 00:59:27,600 - Knowledge - INFO - process ingested knowledge for /app/data/T0015/311293/b0425cu/web-client-311293/src/components/projects/ProjectsListPage.jsx
2026-01-28 00:59:27,767 - Knowledge - INFO - Worker kw4 processing /app/data/T0015/311293/b0425cu/web-client-311293/src/components/tasks/Create.jsx
2026-01-28 00:59:27,863 - Knowledge - INFO - done ingest for /app/data/T0015/311293/b0425cu/web-client-311293/src/components/users/Form.jsx
2026-01-28 00:59:27,867 - Knowledge - INFO - Processing batch of 6 files
2026-01-28 00:59:27,868 - Knowledge - INFO - [WEBSOCKET] Sent: Type=progress_update, Size: 292, Duration: 0ms
2026-01-28 00:59:27,937 - Knowledge - INFO - Worker kw1 processing /app/data/T0015/311293/b0425cu/web-client-311293/src/components/tasks/TaskBadge.jsx
2026-01-28 00:59:28,035 - Knowledge - INFO - Worker kw20 processing /app/data/T0015/311293/b0425cu/web-client-311293/src/components/tasks/TaskForm.jsx
2026-01-28 00:59:28,125 - Knowledge - INFO - process ingested knowledge for /app/data/T0015/311293/b0425cu/web-client-311293/src/components/projects/AttachmentsTab.jsx
2026-01-28 00:59:28,219 - Knowledge - INFO - Worker kw4 processing /app/data/T0015/311293/b0425cu/web-client-311293/src/components/LibraryLayout.jsx
2026-01-28 00:59:28,449 - Knowledge - INFO - process ingested knowledge for /app/data/T0015/311293/b0425cu/web-client-311293/src/components/users/Link.jsx
2026-01-28 00:59:28,538 - Knowledge - INFO - [WEBSOCKET] Sent: Type=unknown, Size: ?, Duration: 670ms
2026-01-28 00:59:28,613 - Knowledge - INFO - Fast-tracked /app/data/T0015/311293/b0425cu/web-client-311293/src/components/tasks/TaskBadge.jsx (ext=.jsx, size=258)
2026-01-28 00:59:28,701 - Knowledge - INFO - Worker kw20 processing /app/data/T0015/311293/b0425cu/web-client-311293/src/components/tasks/TaskStatusFormatter.jsx
2026-01-28 00:59:28,799 - Knowledge - INFO - process ingested knowledge for /app/data/T0015/311293/b0425cu/web-client-311293/src/components/projects/ProjectBadge.css
2026-01-28 00:59:28,883 - Knowledge - INFO - Fast-tracked /app/data/T0015/311293/b0425cu/web-client-311293/src/components/LibraryLayout.jsx (ext=.jsx, size=1309)
2026-01-28 00:59:28,962 - Knowledge - INFO - process ingested knowledge for /app/data/T0015/311293/b0425cu/web-client-311293/src/components/users/Permissions.ts
2026-01-28 00:59:29,092 - Knowledge - INFO - Progress: 42.5% | Files: 159/374 | Rate: 1.72 files/sec | Queue: 134
2026-01-28 00:59:29,092 - Knowledge - INFO - Processing batch of 5 files
2026-01-28 00:59:29,096 - Knowledge - INFO - [LLM_CALL] Completed: Instructions.jsx:chunk1, Duration: 20020ms, PromptTokens: 4998, CompletionTokens: 447, Cost: $0.00068
2026-01-28 00:59:29,168 - Knowledge - INFO - Worker kw1 processing /app/data/T0015/311293/b0425cu/web-client-311293/src/components/tasks/Edit.jsx
2026-01-28 00:59:29,225 - Knowledge - INFO - Fast-tracked /app/data/T0015/311293/b0425cu/web-client-311293/src/components/projects/Vulnerabilities.jsx (small file (2780 bytes))
2026-01-28 00:59:29,247 - Knowledge - INFO - Fast-tracked /app/data/T0015/311293/b0425cu/web-client-311293/src/components/tasks/TaskStatusFormatter.jsx (ext=.jsx, size=298)
2026-01-28 00:59:29,364 - Knowledge - INFO - process ingested knowledge for /app/data/T0015/311293/b0425cu/web-client-311293/src/components/projects/Layout.jsx
2026-01-28 00:59:29,448 - Knowledge - INFO - Worker kw4 processing /app/data/T0015/311293/b0425cu/web-client-311293/src/components/badges/VulnerabilityBadge.jsx
2026-01-28 00:59:29,575 - Knowledge - INFO - process ingested knowledge for /app/data/T0015/311293/b0425cu/web-client-311293/src/components/users/Edit.jsx
2026-01-28 00:59:29,647 - Knowledge - INFO - [kw5] Queue=134, InProgress=0, PendingWorkers=20/20, Completed=161/374 (43.0%)
2026-01-28 00:59:29,723 - Knowledge - INFO - process ingested knowledge for /app/data/T0015/311293/b0425cu/web-client-311293/src/components/search/ProjectTemplatesSearchResults.jsx
2026-01-28 00:59:29,813 - Knowledge - INFO - done ingest for /app/data/T0015/311293/b0425cu/web-client-311293/src/components/commands/Instructions.jsx
2026-01-28 00:59:29,924 - Knowledge - INFO - Fast-tracked /app/data/T0015/311293/b0425cu/web-client-311293/src/components/tasks/Edit.jsx (ext=.jsx, size=1862)
2026-01-28 00:59:29,924 - Knowledge - INFO - Processing batch of 6 files
2026-01-28 00:59:29,953 - Knowledge - INFO - Processing batch of 6 files
2026-01-28 00:59:29,956 - Knowledge - INFO - Processing batch of 6 files
2026-01-28 00:59:30,099 - Knowledge - INFO - Worker kw20 processing /app/data/T0015/311293/b0425cu/web-client-311293/src/components/tasks/TaskTableModel.ts
2026-01-28 00:59:30,137 - Knowledge - INFO - Fast-tracked /app/data/T0015/311293/b0425cu/web-client-311293/src/components/vulnerabilities/Create.jsx (small file (2154 bytes))
2026-01-28 00:59:30,291 - Knowledge - INFO - Fast-tracked /app/data/T0015/311293/b0425cu/web-client-311293/src/components/badges/VulnerabilityBadge.jsx (ext=.jsx, size=387)
2026-01-28 00:59:30,389 - Knowledge - INFO - Fast-tracked /app/data/T0015/311293/b0425cu/web-client-311293/src/components/search/SearchResultsPage.jsx (small file (2903 bytes))
2026-01-28 00:59:30,540 - Knowledge - INFO - Batch sizing: calculated=5, max_allowed=10, queue=134, active_workers=20/20
2026-01-28 00:59:30,595 - Knowledge - INFO - process ingested knowledge for /app/data/T0015/311293/b0425cu/web-client-311293/src/components/users/Preferences.jsx
2026-01-28 00:59:30,638 - Knowledge - INFO - process ingested knowledge for /app/data/T0015/311293/b0425cu/web-client-311293/src/components/search/SearchUrls.ts
2026-01-28 00:59:30,867 - Knowledge - INFO - Worker kw1 processing /app/data/T0015/311293/b0425cu/web-client-311293/src/components/tasks/TaskDetailsPage.jsx
2026-01-28 00:59:30,973 - Knowledge - INFO - Fast-tracked /app/data/T0015/311293/b0425cu/web-client-311293/src/components/projects/Table.jsx (small file (2243 bytes))
2026-01-28 00:59:31,046 - Knowledge - INFO - process ingested knowledge for /app/data/T0015/311293/b0425cu/web-client-311293/src/components/vulnerabilities/Filters.jsx
2026-01-28 00:59:31,165 - Knowledge - INFO - process ingested knowledge for /app/data/T0015/311293/b0425cu/web-client-311293/src/components/commands/Routes.jsx
2026-01-28 00:59:31,331 - Knowledge - INFO - process ingested knowledge for /app/data/T0015/311293/b0425cu/web-client-311293/src/components/commands/UsageForm.jsx
2026-01-28 00:59:31,542 - Knowledge - INFO - Fast-tracked /app/data/T0015/311293/b0425cu/web-client-311293/src/components/tasks/TaskTableModel.ts (ext=.ts, size=858)
2026-01-28 00:59:31,700 - Knowledge - INFO - [LLM_CALL] Completed: List.jsx:chunk1, Duration: 1882ms, PromptTokens: 3074, CompletionTokens: 494, Cost: $0.00051
2026-01-28 00:59:31,788 - Knowledge - INFO - Worker kw4 processing /app/data/T0015/311293/b0425cu/web-client-311293/src/components/badges/Badge.jsx
2026-01-28 00:59:32,140 - Knowledge - INFO - process ingested knowledge for /app/data/T0015/311293/b0425cu/web-client-311293/src/components/users/Routes.jsx
2026-01-28 00:59:32,245 - Knowledge - INFO - process ingested knowledge for /app/data/T0015/311293/b0425cu/web-client-311293/src/components/search/TasksSearchResults.jsx
2026-01-28 00:59:32,422 - Knowledge - INFO - Worker kw1 processing /app/data/T0015/311293/b0425cu/web-client-311293/src/components/tasks/Routes.jsx
2026-01-28 00:59:32,609 - Knowledge - INFO - process ingested knowledge for /app/data/T0015/311293/b0425cu/web-client-311293/src/components/vulnerabilities/StatusBadge.jsx
2026-01-28 00:59:32,735 - Knowledge - INFO - process ingested knowledge for /app/data/T0015/311293/b0425cu/web-client-311293/src/components/commands/AddCommandUsagePage.jsx
2026-01-28 00:59:32,846 - Knowledge - INFO - process ingested knowledge for /app/data/T0015/311293/b0425cu/web-client-311293/src/components/commands/Add.jsx
2026-01-28 00:59:32,973 - Knowledge - INFO - Worker kw20 processing /app/data/T0015/311293/b0425cu/web-client-311293/src/components/tasks/TasksTable.jsx
2026-01-28 00:59:33,072 - Knowledge - INFO - done ingest for /app/data/T0015/311293/b0425cu/web-client-311293/src/components/users/List.jsx
2026-01-28 00:59:33,073 - Knowledge - INFO - Async storing batch of 6 embeddings
2026-01-28 00:59:33,074 - Knowledge - INFO - [WEBSOCKET] Sent: Type=progress_update, Size: 293, Duration: 0ms
2026-01-28 00:59:33,169 - Knowledge - INFO - Fast-tracked /app/data/T0015/311293/b0425cu/web-client-311293/src/components/badges/Badge.jsx (ext=.jsx, size=479)
2026-01-28 00:59:33,254 - Knowledge - INFO - process ingested knowledge for /app/data/T0015/311293/b0425cu/web-client-311293/src/components/users/Link.css
2026-01-28 00:59:33,393 - Knowledge - INFO - process ingested knowledge for /app/data/T0015/311293/b0425cu/web-client-311293/src/components/search/Routes.jsx
2026-01-28 00:59:33,509 - Knowledge - INFO - Fast-tracked /app/data/T0015/311293/b0425cu/web-client-311293/src/components/tasks/Routes.jsx (ext=.jsx, size=646)
2026-01-28 00:59:33,664 - Knowledge - INFO - process ingested knowledge for /app/data/T0015/311293/b0425cu/web-client-311293/src/components/vulnerabilities/categories/EditModalDialog.jsx
2026-01-28 00:59:33,773 - Knowledge - INFO - process ingested knowledge for /app/data/T0015/311293/b0425cu/web-client-311293/src/components/commands/Table.jsx
2026-01-28 00:59:33,954 - Knowledge - INFO - process ingested knowledge for /app/data/T0015/311293/b0425cu/web-client-311293/src/components/commands/Badge.jsx
2026-01-28 00:59:33,980 - Knowledge - INFO - Fast-tracked /app/data/T0015/311293/b0425cu/web-client-311293/src/components/vulnerabilities/Edit.jsx (small file (2381 bytes))
2026-01-28 00:59:34,428 - Knowledge - INFO - Worker kw5 processing /app/data/T0015/311293/b0425cu/web-client-311293/src/components/badges/CvssScore.jsx
2026-01-28 00:59:34,818 - Knowledge - INFO - [WEBSOCKET] Sent: Type=unknown, Size: ?, Duration: 1745ms
2026-01-28 00:59:34,839 - Knowledge - INFO - Worker kw4 processing /app/data/T0015/311293/b0425cu/web-client-311293/src/components/badges/BadgeOutline.jsx
2026-01-28 00:59:35,374 - Knowledge - INFO - Worker kw1 processing /app/data/T0015/311293/b0425cu/web-client-311293/src/components/tasks/TaskBadge.css
2026-01-28 00:59:35,384 - Knowledge - INFO - process ingested knowledge for /app/data/T0015/311293/b0425cu/web-client-311293/src/components/search/ProjectsSearchResults.jsx
2026-01-28 00:59:35,530 - Knowledge - INFO - process ingested knowledge for /app/data/T0015/311293/b0425cu/web-client-311293/src/components/vulnerabilities/categories/AddModalDialog.jsx
2026-01-28 00:59:36,219 - Knowledge - INFO - process ingested knowledge for /app/data/T0015/311293/b0425cu/web-client-311293/src/components/commands/Form.jsx
2026-01-28 00:59:36,254 - Knowledge - INFO - process ingested knowledge for /app/data/T0015/311293/b0425cu/web-client-311293/src/components/commands/CommandsListPage.jsx
2026-01-28 00:59:36,468 - Knowledge - INFO - Progress: 46.0% | Files: 173/374 | Rate: 1.77 files/sec | Queue: 129
2026-01-28 00:59:36,550 - Knowledge - INFO - Fast-tracked /app/data/T0015/311293/b0425cu/web-client-311293/src/components/badges/CvssScore.jsx (ext=.jsx, size=432)
2026-01-28 00:59:36,665 - Knowledge - INFO - Fast-tracked /app/data/T0015/311293/b0425cu/web-client-311293/src/components/badges/BadgeOutline.jsx (ext=.jsx, size=434)
2026-01-28 00:59:36,830 - Knowledge - INFO - Fast-tracked /app/data/T0015/311293/b0425cu/web-client-311293/src/components/tasks/TaskBadge.css (ext=.css, size=67)
2026-01-28 00:59:37,367 - Knowledge - INFO - process ingested knowledge for /app/data/T0015/311293/b0425cu/web-client-311293/src/components/vulnerabilities/categories/Span.jsx
2026-01-28 00:59:37,835 - Knowledge - INFO - Worker kw5 processing /app/data/T0015/311293/b0425cu/web-client-311293/src/components/badges/UserAvatar.jsx
2026-01-28 00:59:37,933 - Knowledge - INFO - process ingested knowledge for /app/data/T0015/311293/b0425cu/web-client-311293/src/components/commands/Outputs.jsx
2026-01-28 00:59:37,934 - Knowledge - INFO - process ingested knowledge for /app/data/T0015/311293/b0425cu/web-client-311293/src/components/commands/Edit.jsx
2026-01-28 00:59:38,001 - Knowledge - INFO - Fast-tracked /app/data/T0015/311293/b0425cu/web-client-311293/src/components/tasks/Create.jsx (small file (2009 bytes))
2026-01-28 00:59:38,445 - Knowledge - INFO - [kw13] Queue=129, InProgress=0, PendingWorkers=20/20, Completed=175/374 (46.8%)
2026-01-28 00:59:38,625 - Knowledge - INFO - Fast-tracked /app/data/T0015/311293/b0425cu/web-client-311293/src/components/badges/UserAvatar.jsx (ext=.jsx, size=148)
2026-01-28 00:59:39,011 - Knowledge - INFO - process ingested knowledge for /app/data/T0015/311293/b0425cu/web-client-311293/src/components/vulnerabilities/categories/Form.jsx
2026-01-28 00:59:39,026 - Knowledge - INFO - process ingested knowledge for /app/data/T0015/311293/b0425cu/web-client-311293/src/components/vulnerabilities/VulnerabilityTableModel.ts
2026-01-28 00:59:39,092 - Knowledge - INFO - Async storage completed for 6 embeddings
2026-01-28 00:59:39,198 - Knowledge - INFO - Batch sizing: calculated=5, max_allowed=10, queue=129, active_workers=20/20
2026-01-28 00:59:39,482 - Knowledge - INFO - Worker kw5 processing /app/data/T0015/311293/b0425cu/web-client-311293/src/components/badges/UserRoleBadge.jsx
2026-01-28 00:59:39,567 - Knowledge - INFO - process ingested knowledge for /app/data/T0015/311293/b0425cu/web-client-311293/src/components/commands/CommandDetailsPage.jsx
2026-01-28 00:59:40,287 - Knowledge - INFO - Fast-tracked /app/data/T0015/311293/b0425cu/web-client-311293/src/components/badges/UserRoleBadge.jsx (ext=.jsx, size=352)
2026-01-28 00:59:40,512 - Knowledge - INFO - Worker kw5 processing /app/data/T0015/311293/b0425cu/web-client-311293/src/components/badges/RiskBadge.jsx
2026-01-28 00:59:40,555 - Knowledge - INFO - Async storing batch of 5 embeddings
2026-01-28 00:59:40,683 - Knowledge - INFO - Processing batch of 6 files
2026-01-28 00:59:40,891 - Knowledge - INFO - Fast-tracked /app/data/T0015/311293/b0425cu/web-client-311293/src/components/badges/RiskBadge.jsx (ext=.jsx, size=672)
2026-01-28 00:59:41,077 - Knowledge - INFO - Worker kw13 processing /app/data/T0015/311293/b0425cu/web-client-311293/src/components/ui/HeaderUserMenu.jsx
2026-01-28 00:59:41,215 - Knowledge - INFO - process ingested knowledge for /app/data/T0015/311293/b0425cu/web-client-311293/src/components/users/List.test.jsx
2026-01-28 00:59:41,428 - Knowledge - INFO - Worker kw5 processing /app/data/T0015/311293/b0425cu/web-client-311293/src/components/logic/RestrictedComponent.ts
2026-01-28 00:59:41,614 - Knowledge - INFO - Worker kw13 processing /app/data/T0015/311293/b0425cu/web-client-311293/src/components/ui/ModalDIalog.jsx
2026-01-28 00:59:41,878 - Knowledge - INFO - done ingest for /app/data/T0015/311293/b0425cu/web-client-311293/src/components/projects/templates/List.jsx
2026-01-28 00:59:42,003 - Knowledge - INFO - Fast-tracked /app/data/T0015/311293/b0425cu/web-client-311293/src/components/logic/RestrictedComponent.ts (ext=.ts, size=397)
2026-01-28 00:59:42,185 - Knowledge - INFO - Fast-tracked /app/data/T0015/311293/b0425cu/web-client-311293/src/components/ui/ModalDIalog.jsx (ext=.jsx, size=1320)
2026-01-28 00:59:42,354 - Knowledge - INFO - [LLM_CALL] Completed: Details.jsx:chunk1, Duration: 5781ms, PromptTokens: 2922, CompletionTokens: 568, Cost: $0.00052
2026-01-28 00:59:42,576 - Knowledge - INFO - Async storage completed for 6 embeddings
2026-01-28 00:59:42,666 - Knowledge - INFO - Worker kw13 processing /app/data/T0015/311293/b0425cu/web-client-311293/src/components/ui/FileSizeSpan.jsx
2026-01-28 00:59:42,821 - Knowledge - INFO - done ingest for /app/data/T0015/311293/b0425cu/web-client-311293/src/components/projects/Details.jsx
2026-01-28 00:59:42,829 - Knowledge - INFO - [WEBSOCKET] Sent: Type=progress_update, Size: 290, Duration: 0ms
2026-01-28 00:59:43,159 - Knowledge - INFO - Fast-tracked /app/data/T0015/311293/b0425cu/web-client-311293/src/components/ui/FileSizeSpan.jsx (ext=.jsx, size=977)
2026-01-28 00:59:43,159 - Knowledge - INFO - process ingested knowledge for /app/data/T0015/311293/b0425cu/web-client-311293/src/components/users/Form.jsx
2026-01-28 00:59:43,491 - Knowledge - INFO - [kw19] Queue=124, InProgress=0, PendingWorkers=20/20, Completed=183/374 (48.9%)
2026-01-28 00:59:43,554 - Knowledge - INFO - [LLM_CALL] Completed: Targets.jsx:chunk1, Duration: 23226ms, PromptTokens: 2584, CompletionTokens: 463, Cost: $0.00044
2026-01-28 00:59:43,731 - Knowledge - INFO - Worker kw13 processing /app/data/T0015/311293/b0425cu/web-client-311293/src/components/ui/Timestamps.test.jsx
2026-01-28 00:59:43,933 - Knowledge - INFO - Batch sizing: calculated=5, max_allowed=10, queue=124, active_workers=20/20
2026-01-28 00:59:44,052 - Knowledge - INFO - done ingest for /app/data/T0015/311293/b0425cu/web-client-311293/src/components/projects/Targets.jsx
2026-01-28 00:59:44,098 - Knowledge - INFO - [WEBSOCKET] Sent: Type=unknown, Size: ?, Duration: 1269ms
2026-01-28 00:59:44,191 - Knowledge - INFO - Fast-tracked /app/data/T0015/311293/b0425cu/web-client-311293/src/components/ui/Timestamps.test.jsx (ext=.jsx, size=1013)
2026-01-28 00:59:44,487 - Knowledge - INFO - process ingested knowledge for /app/data/T0015/311293/b0425cu/web-client-311293/src/components/users/Create.jsx
2026-01-28 00:59:44,699 - Knowledge - INFO - Progress: 48.1% | Files: 184/374 | Rate: 1.76 files/sec | Queue: 124
2026-01-28 00:59:44,872 - Knowledge - INFO - Worker kw13 processing /app/data/T0015/311293/b0425cu/web-client-311293/src/components/ui/MailLink.jsx
2026-01-28 00:59:44,883 - Knowledge - INFO - Async storing batch of 5 embeddings
2026-01-28 00:59:44,893 - Knowledge - INFO - done ingest for /app/data/T0015/311293/b0425cu/web-client-311293/src/components/vulnerabilities/Form.jsx
2026-01-28 00:59:45,169 - Knowledge - INFO - Fast-tracked /app/data/T0015/311293/b0425cu/web-client-311293/src/components/ui/MailLink.jsx (ext=.jsx, size=243)
2026-01-28 00:59:45,298 - Knowledge - INFO - Worker kw19 processing /app/data/T0015/311293/b0425cu/web-client-311293/src/components/ui/ExternalLink.jsx
2026-01-28 00:59:45,543 - Knowledge - INFO - process ingested knowledge for /app/data/T0015/311293/b0425cu/web-client-311293/src/components/users/List.jsx
2026-01-28 00:59:45,563 - Knowledge - INFO - [kw7] Queue=119, InProgress=0, PendingWorkers=20/20, Completed=189/374 (50.5%)
2026-01-28 00:59:45,680 - Knowledge - INFO - Fast-tracked /app/data/T0015/311293/b0425cu/web-client-311293/src/components/ui/HeaderUserMenu.jsx (small file (2139 bytes))
2026-01-28 00:59:45,730 - Knowledge - INFO - Fast-tracked /app/data/T0015/311293/b0425cu/web-client-311293/src/components/ui/ExternalLink.jsx (ext=.jsx, size=273)
2026-01-28 00:59:45,775 - Knowledge - INFO - Processing batch of 5 files
2026-01-28 00:59:46,078 - Knowledge - INFO - Batch sizing: calculated=5, max_allowed=10, queue=119, active_workers=20/20
2026-01-28 00:59:46,163 - Knowledge - INFO - Async storage completed for 6 embeddings
2026-01-28 00:59:46,313 - Knowledge - INFO - Async storage completed for 5 embeddings
2026-01-28 00:59:46,351 - Knowledge - INFO - Worker kw19 processing /app/data/T0015/311293/b0425cu/web-client-311293/src/components/ui/ModalDialog.css
2026-01-28 00:59:46,479 - Knowledge - INFO - process ingested knowledge for /app/data/T0015/311293/b0425cu/web-client-311293/src/components/tasks/Create.jsx
2026-01-28 00:59:46,564 - Knowledge - INFO - [LLM_CALL] Completed: VulnerabilitiesTable.jsx:chunk1, Duration: 32797ms, PromptTokens: 3810, CompletionTokens: 467, Cost: $0.00057
2026-01-28 00:59:46,657 - Knowledge - INFO - Async storage completed for 6 embeddings
2026-01-28 00:59:46,833 - Knowledge - INFO - process ingested knowledge for /app/data/T0015/311293/b0425cu/web-client-311293/src/components/commands/Instructions.jsx
2026-01-28 00:59:47,050 - Knowledge - INFO - Fast-tracked /app/data/T0015/311293/b0425cu/web-client-311293/src/components/ui/ModalDialog.css (ext=.css, size=184)
2026-01-28 00:59:47,193 - Knowledge - INFO - Async storage completed for 6 embeddings
2026-01-28 00:59:47,288 - Knowledge - INFO - done ingest for /app/data/T0015/311293/b0425cu/web-client-311293/src/components/vulnerabilities/VulnerabilitiesTable.jsx
2026-01-28 00:59:47,366 - Knowledge - INFO - Async storing batch of 6 embeddings
2026-01-28 00:59:47,655 - Knowledge - INFO - process ingested knowledge for /app/data/T0015/311293/b0425cu/web-client-311293/src/components/LibraryLayout.jsx
2026-01-28 00:59:47,681 - Knowledge - INFO - Worker kw19 processing /app/data/T0015/311293/b0425cu/web-client-311293/src/components/ui/Ipv4Link.jsx
2026-01-28 00:59:47,731 - Knowledge - INFO - [WEBSOCKET] Sent: Type=progress_update, Size: 293, Duration: 0ms
2026-01-28 00:59:47,749 - Knowledge - INFO - [kw3] Queue=114, InProgress=0, PendingWorkers=20/20, Completed=200/374 (53.5%)
2026-01-28 00:59:47,749 - Knowledge - INFO - process ingested knowledge for /app/data/T0015/311293/b0425cu/web-client-311293/src/components/commands/ScheduledRuns.jsx
2026-01-28 00:59:48,147 - Knowledge - INFO - Worker kw7 processing /app/data/T0015/311293/b0425cu/web-client-311293/src/components/ui/Tags.jsx
2026-01-28 00:59:48,286 - Knowledge - INFO - process ingested knowledge for /app/data/T0015/311293/b0425cu/web-client-311293/src/components/badges/VulnerabilityBadge.jsx
2026-01-28 00:59:48,548 - Knowledge - INFO - Fast-tracked /app/data/T0015/311293/b0425cu/web-client-311293/src/components/ui/Ipv4Link.jsx (ext=.jsx, size=393)
2026-01-28 00:59:49,031 - Knowledge - INFO - Batch sizing: calculated=5, max_allowed=10, queue=114, active_workers=20/20
2026-01-28 00:59:49,196 - Knowledge - INFO - [kw10] Queue=114, InProgress=0, PendingWorkers=20/20, Completed=206/374 (55.1%)
2026-01-28 00:59:49,217 - Knowledge - INFO - [WEBSOCKET] Sent: Type=unknown, Size: ?, Duration: 1486ms
2026-01-28 00:59:49,696 - Knowledge - INFO - Fast-tracked /app/data/T0015/311293/b0425cu/web-client-311293/src/components/ui/Tags.jsx (ext=.jsx, size=726)
2026-01-28 00:59:49,828 - Knowledge - INFO - process ingested knowledge for /app/data/T0015/311293/b0425cu/web-client-311293/src/components/badges/Badge.jsx
2026-01-28 00:59:49,888 - Knowledge - INFO - Worker kw19 processing /app/data/T0015/311293/b0425cu/web-client-311293/src/components/ui/ExternalLink.test.jsx
2026-01-28 00:59:50,504 - Knowledge - INFO - Batch sizing: calculated=5, max_allowed=10, queue=114, active_workers=20/20
2026-01-28 00:59:50,996 - Knowledge - INFO - Progress: 53.5% | Files: 207/374 | Rate: 1.85 files/sec | Queue: 109
2026-01-28 00:59:51,026 - Knowledge - INFO - Processing batch of 5 files
2026-01-28 00:59:51,149 - Knowledge - INFO - Processing batch of 5 files
2026-01-28 00:59:51,167 - Knowledge - INFO - Processing batch of 5 files
2026-01-28 00:59:51,228 - Knowledge - INFO - Processing batch of 5 files
2026-01-28 00:59:51,233 - Knowledge - INFO - Worker kw7 processing /app/data/T0015/311293/b0425cu/web-client-311293/src/components/ui/Timestamps.jsx
2026-01-28 00:59:51,270 - Knowledge - INFO - Async storing batch of 6 embeddings
2026-01-28 00:59:51,584 - Knowledge - INFO - Fast-tracked /app/data/T0015/311293/b0425cu/web-client-311293/src/components/ui/ExternalLink.test.jsx (ext=.jsx, size=676)
2026-01-28 00:59:51,990 - Knowledge - INFO - process ingested knowledge for /app/data/T0015/311293/b0425cu/web-client-311293/src/components/badges/BadgeOutline.jsx
2026-01-28 00:59:52,055 - Knowledge - INFO - process ingested knowledge for /app/data/T0015/311293/b0425cu/web-client-311293/src/components/projects/templates/Routes.jsx
2026-01-28 00:59:52,070 - Knowledge - INFO - [kw9] Queue=109, InProgress=0, PendingWorkers=20/20, Completed=210/374 (56.1%)
2026-01-28 00:59:52,076 - Knowledge - INFO - Async storing batch of 6 embeddings
2026-01-28 00:59:52,172 - Knowledge - INFO - process ingested knowledge for /app/data/T0015/311293/b0425cu/web-client-311293/src/components/badges/CvssScore.jsx
2026-01-28 00:59:52,249 - Knowledge - INFO - Processing batch of 5 files
2026-01-28 00:59:52,316 - Knowledge - INFO - process ingested knowledge for /app/data/T0015/311293/b0425cu/web-client-311293/src/components/projects/Targets.jsx
2026-01-28 00:59:52,516 - Knowledge - INFO - process ingested knowledge for /app/data/T0015/311293/b0425cu/web-client-311293/src/components/projects/Edit.jsx
2026-01-28 00:59:52,806 - Knowledge - INFO - Fast-tracked /app/data/T0015/311293/b0425cu/web-client-311293/src/components/ui/Timestamps.jsx (ext=.jsx, size=700)
2026-01-28 00:59:53,124 - Knowledge - INFO - Worker kw3 processing /app/data/T0015/311293/b0425cu/web-client-311293/src/components/ui/BooleanText.ts
2026-01-28 00:59:53,196 - Knowledge - INFO - Worker kw19 processing /app/data/T0015/311293/b0425cu/web-client-311293/src/components/ui/NoResults.jsx
2026-01-28 00:59:53,712 - Knowledge - INFO - Batch sizing: calculated=5, max_allowed=10, queue=109, active_workers=20/20
2026-01-28 00:59:54,045 - Knowledge - INFO - Worker kw10 processing /app/data/T0015/311293/b0425cu/web-client-311293/src/components/ui/ShellCommand.css
2026-01-28 00:59:54,053 - Knowledge - INFO - process ingested knowledge for /app/data/T0015/311293/b0425cu/web-client-311293/src/components/projects/templates/List.jsx
2026-01-28 00:59:54,384 - Knowledge - INFO - process ingested knowledge for /app/data/T0015/311293/b0425cu/web-client-311293/src/components/ui/HeaderUserMenu.jsx
2026-01-28 00:59:54,994 - Knowledge - INFO - Worker kw7 processing /app/data/T0015/311293/b0425cu/web-client-311293/src/components/ui/Breadcrumb.jsx
2026-01-28 00:59:55,215 - Knowledge - INFO - Fast-tracked /app/data/T0015/311293/b0425cu/web-client-311293/src/components/ui/BooleanText.ts (ext=.ts, size=176)
2026-01-28 00:59:55,351 - Knowledge - INFO - Processing batch of 6 files
2026-01-28 00:59:55,459 - Knowledge - INFO - process ingested knowledge for /app/data/T0015/311293/b0425cu/web-client-311293/src/components/projects/ProjectBadge.jsx
2026-01-28 00:59:55,474 - Knowledge - INFO - [WEBSOCKET] Sent: Type=progress_update, Size: 293, Duration: 0ms
2026-01-28 00:59:55,488 - Knowledge - INFO - process ingested knowledge for /app/data/T0015/311293/b0425cu/web-client-311293/src/components/badges/UserAvatar.jsx
2026-01-28 00:59:55,529 - Knowledge - INFO - process ingested knowledge for /app/data/T0015/311293/b0425cu/web-client-311293/src/components/projects/Tasks.jsx
2026-01-28 00:59:55,606 - Knowledge - INFO - Fast-tracked /app/data/T0015/311293/b0425cu/web-client-311293/src/components/ui/NoResults.jsx (ext=.jsx, size=220)
2026-01-28 00:59:55,762 - Knowledge - INFO - Fast-tracked /app/data/T0015/311293/b0425cu/web-client-311293/src/components/ui/ShellCommand.css (ext=.css, size=521)
2026-01-28 00:59:56,988 - Knowledge - INFO - process ingested knowledge for /app/data/T0015/311293/b0425cu/web-client-311293/src/components/search/SearchResultsPage.jsx
2026-01-28 00:59:57,040 - Knowledge - INFO - process ingested knowledge for /app/data/T0015/311293/b0425cu/web-client-311293/src/components/ui/ModalDIalog.jsx
2026-01-28 00:59:57,264 - Knowledge - INFO - Worker kw3 processing /app/data/T0015/311293/b0425cu/web-client-311293/src/components/ui/Tooltip.module.css
2026-01-28 00:59:57,313 - Knowledge - INFO - Fast-tracked /app/data/T0015/311293/b0425cu/web-client-311293/src/components/ui/Breadcrumb.jsx (ext=.jsx, size=604)
2026-01-28 00:59:57,484 - Knowledge - INFO - process ingested knowledge for /app/data/T0015/311293/b0425cu/web-client-311293/src/components/vulnerabilities/CvssAbbr.jsx
2026-01-28 00:59:57,869 - Knowledge - INFO - Async storing batch of 6 embeddings
2026-01-28 00:59:57,885 - Knowledge - INFO - [WEBSOCKET] Sent: Type=unknown, Size: ?, Duration: 2412ms
2026-01-28 00:59:57,973 - Knowledge - INFO - process ingested knowledge for /app/data/T0015/311293/b0425cu/web-client-311293/src/components/projects/Report.css
2026-01-28 00:59:58,159 - Knowledge - INFO - process ingested knowledge for /app/data/T0015/311293/b0425cu/web-client-311293/src/components/badges/UserRoleBadge.jsx
2026-01-28 00:59:58,538 - Knowledge - INFO - Async storage completed for 5 embeddings
2026-01-28 00:59:58,628 - Knowledge - INFO - Worker kw10 processing /app/data/T0015/311293/b0425cu/web-client-311293/src/components/ui/Tooltip.jsx
2026-01-28 00:59:58,924 - Knowledge - INFO - process ingested knowledge for /app/data/T0015/311293/b0425cu/web-client-311293/src/components/projects/Details.jsx
2026-01-28 00:59:58,924 - Knowledge - INFO - process ingested knowledge for /app/data/T0015/311293/b0425cu/web-client-311293/src/components/search/VulnerabilityTemplatesSearchResults.jsx
2026-01-28 00:59:58,978 - Knowledge - INFO - process ingested knowledge for /app/data/T0015/311293/b0425cu/web-client-311293/src/components/ui/FileSizeSpan.jsx
2026-01-28 00:59:59,307 - Knowledge - INFO - Fast-tracked /app/data/T0015/311293/b0425cu/web-client-311293/src/components/ui/Tooltip.module.css (ext=.css, size=1768)
2026-01-28 00:59:59,431 - Knowledge - INFO - Worker kw7 processing /app/data/T0015/311293/b0425cu/web-client-311293/src/components/ui/VisibilityLegend.jsx
2026-01-28 00:59:59,555 - Knowledge - INFO - process ingested knowledge for /app/data/T0015/311293/b0425cu/web-client-311293/src/components/vulnerabilities/Routes.jsx
2026-01-28 00:59:59,836 - Knowledge - INFO - Worker kw9 processing /app/data/T0015/311293/b0425cu/web-client-311293/src/components/ui/Title.jsx
2026-01-28 01:00:00,066 - Knowledge - INFO - Progress: 57.2% | Files: 214/374 | Rate: 1.79 files/sec | Queue: 99
2026-01-28 01:00:00,101 - Knowledge - INFO - [kw4] Queue=99, InProgress=0, PendingWorkers=20/20, Completed=214/374 (57.2%)
2026-01-28 01:00:00,387 - Knowledge - INFO - process ingested knowledge for /app/data/T0015/311293/b0425cu/web-client-311293/src/components/projects/NotesTab.jsx
2026-01-28 01:00:00,635 - Knowledge - INFO - process ingested knowledge for /app/data/T0015/311293/b0425cu/web-client-311293/src/components/badges/RiskBadge.jsx
2026-01-28 01:00:01,003 - Knowledge - INFO - Fast-tracked /app/data/T0015/311293/b0425cu/web-client-311293/src/components/ui/Tooltip.jsx (ext=.jsx, size=298)
2026-01-28 01:00:01,211 - Knowledge - INFO - process ingested knowledge for /app/data/T0015/311293/b0425cu/web-client-311293/src/components/projects/Vulnerabilities.jsx
2026-01-28 01:00:01,487 - Knowledge - INFO - process ingested knowledge for /app/data/T0015/311293/b0425cu/web-client-311293/src/components/search/Box.jsx
2026-01-28 01:00:01,768 - Knowledge - INFO - process ingested knowledge for /app/data/T0015/311293/b0425cu/web-client-311293/src/components/ui/Timestamps.test.jsx
2026-01-28 01:00:01,903 - Knowledge - INFO - Processing batch of 5 files
2026-01-28 01:00:01,931 - Knowledge - INFO - Worker kw3 processing /app/data/T0015/311293/b0425cu/web-client-311293/src/components/ui/EmptyField.jsx
2026-01-28 01:00:02,139 - Knowledge - INFO - Fast-tracked /app/data/T0015/311293/b0425cu/web-client-311293/src/components/ui/VisibilityLegend.jsx (ext=.jsx, size=156)
2026-01-28 01:00:02,343 - Knowledge - INFO - process ingested knowledge for /app/data/T0015/311293/b0425cu/web-client-311293/src/components/vulnerabilities/VulnerabilitiesTable.jsx
2026-01-28 01:00:02,716 - Knowledge - INFO - [LLM_CALL] Completed: TaskForm.jsx:chunk1, Duration: 27949ms, PromptTokens: 2580, CompletionTokens: 276, Cost: $0.00037
2026-01-28 01:00:02,722 - Knowledge - INFO - Fast-tracked /app/data/T0015/311293/b0425cu/web-client-311293/src/components/ui/Title.jsx (ext=.jsx, size=455)
2026-01-28 01:00:02,904 - Knowledge - INFO - [kw2] Queue=99, InProgress=0, PendingWorkers=20/20, Completed=219/374 (58.6%)
2026-01-28 01:00:03,139 - Knowledge - INFO - Batch sizing: calculated=4, max_allowed=10, queue=99, active_workers=20/20
2026-01-28 01:00:03,303 - Knowledge - INFO - process ingested knowledge for /app/data/T0015/311293/b0425cu/web-client-311293/src/components/projects/Table.jsx
2026-01-28 01:00:03,561 - Knowledge - INFO - process ingested knowledge for /app/data/T0015/311293/b0425cu/web-client-311293/src/components/logic/RestrictedComponent.ts
2026-01-28 01:00:03,674 - Knowledge - INFO - Worker kw10 processing /app/data/T0015/311293/b0425cu/web-client-311293/src/components/ui/Loading.jsx
2026-01-28 01:00:04,016 - Knowledge - INFO - process ingested knowledge for /app/data/T0015/311293/b0425cu/web-client-311293/src/components/projects/Routes.jsx
2026-01-28 01:00:04,870 - Knowledge - INFO - process ingested knowledge for /app/data/T0015/311293/b0425cu/web-client-311293/src/components/ui/ExternalLink.jsx
2026-01-28 01:00:05,183 - Knowledge - INFO - Fast-tracked /app/data/T0015/311293/b0425cu/web-client-311293/src/components/ui/EmptyField.jsx (ext=.jsx, size=178)
2026-01-28 01:00:05,212 - Knowledge - INFO - process ingested knowledge for /app/data/T0015/311293/b0425cu/web-client-311293/src/components/ui/MailLink.jsx
2026-01-28 01:00:05,454 - Knowledge - INFO - Worker kw7 processing /app/data/T0015/311293/b0425cu/web-client-311293/src/components/ui/ShellCommand.jsx
2026-01-28 01:00:06,042 - Knowledge - INFO - done ingest for /app/data/T0015/311293/b0425cu/web-client-311293/src/components/tasks/TaskForm.jsx
2026-01-28 01:00:06,056 - Knowledge - INFO - process ingested knowledge for /app/data/T0015/311293/b0425cu/web-client-311293/src/components/vulnerabilities/NotesTab.jsx
2026-01-28 01:00:06,080 - Knowledge - INFO - Worker kw9 processing /app/data/T0015/311293/b0425cu/web-client-311293/src/components/ui/TelephoneLink.jsx
2026-01-28 01:00:06,157 - Knowledge - INFO - Batch sizing: calculated=4, max_allowed=10, queue=99, active_workers=20/20
2026-01-28 01:00:06,644 - Knowledge - INFO - Async storing batch of 5 embeddings
2026-01-28 01:00:07,084 - Knowledge - INFO - Fast-tracked /app/data/T0015/311293/b0425cu/web-client-311293/src/components/ui/Loading.jsx (ext=.jsx, size=232)
2026-01-28 01:00:07,524 - Knowledge - INFO - Worker kw3 processing /app/data/T0015/311293/b0425cu/web-client-311293/src/components/ui/CommandTerminal.jsx
2026-01-28 01:00:08,854 - Knowledge - INFO - Fast-tracked /app/data/T0015/311293/b0425cu/web-client-311293/src/components/ui/TelephoneLink.jsx (ext=.jsx, size=374)
2026-01-28 01:00:09,106 - Knowledge - INFO - Fast-tracked /app/data/T0015/311293/b0425cu/web-client-311293/src/components/ui/ShellCommand.jsx (ext=.jsx, size=908)
2026-01-28 01:00:09,116 - Knowledge - INFO - process ingested knowledge for /app/data/T0015/311293/b0425cu/web-client-311293/src/components/ui/ModalDialog.css
2026-01-28 01:00:09,146 - Knowledge - INFO - Async storing batch of 6 embeddings
2026-01-28 01:00:09,364 - Knowledge - INFO - Worker kw4 processing /app/data/T0015/311293/b0425cu/web-client-311293/src/components/ui/tables/NativeTable.jsx
2026-01-28 01:00:09,479 - Knowledge - INFO - Worker kw10 processing /app/data/T0015/311293/b0425cu/web-client-311293/src/components/ui/UserAgentLabel.jsx
2026-01-28 01:00:09,831 - Knowledge - INFO - Worker kw3 processing /app/data/T0015/311293/b0425cu/web-client-311293/src/components/ui/toast.jsx
2026-01-28 01:00:10,045 - Knowledge - INFO - Worker kw9 processing /app/data/T0015/311293/b0425cu/web-client-311293/src/components/ui/AscendingSortLink.jsx
2026-01-28 01:00:10,462 - Knowledge - INFO - Async storage completed for 6 embeddings
2026-01-28 01:00:10,789 - Knowledge - INFO - process ingested knowledge for /app/data/T0015/311293/b0425cu/web-client-311293/src/components/vulnerabilities/Form.jsx
2026-01-28 01:00:11,016 - Knowledge - INFO - Worker kw2 processing /app/data/T0015/311293/b0425cu/web-client-311293/src/components/ui/forms/MarkdownEditor.css
2026-01-28 01:00:11,333 - Knowledge - INFO - Fast-tracked /app/data/T0015/311293/b0425cu/web-client-311293/src/components/ui/tables/NativeTable.jsx (ext=.jsx, size=1713)
2026-01-28 01:00:11,707 - Knowledge - INFO - [LLM_CALL] Completed: NotificationsBadge.jsx:chunk1, Duration: 35144ms, PromptTokens: 1994, CompletionTokens: 284, Cost: $0.00031
2026-01-28 01:00:11,888 - Knowledge - INFO - Fast-tracked /app/data/T0015/311293/b0425cu/web-client-311293/src/components/ui/UserAgentLabel.jsx (ext=.jsx, size=456)
2026-01-28 01:00:12,043 - Knowledge - INFO - Fast-tracked /app/data/T0015/311293/b0425cu/web-client-311293/src/components/ui/toast.jsx (ext=.jsx, size=530)
2026-01-28 01:00:12,319 - Knowledge - INFO - Fast-tracked /app/data/T0015/311293/b0425cu/web-client-311293/src/components/ui/AscendingSortLink.jsx (ext=.jsx, size=201)
2026-01-28 01:00:12,706 - Knowledge - INFO - Fast-tracked /app/data/T0015/311293/b0425cu/web-client-311293/src/components/ui/forms/MarkdownEditor.css (ext=.css, size=50)
2026-01-28 01:00:12,802 - Knowledge - INFO - Worker kw4 processing /app/data/T0015/311293/b0425cu/web-client-311293/src/components/ui/tables/NoResultsTableRow.jsx
2026-01-28 01:00:12,948 - Knowledge - INFO - done ingest for /app/data/T0015/311293/b0425cu/web-client-311293/src/components/notifications/NotificationsBadge.jsx
2026-01-28 01:00:12,955 - Knowledge - INFO - [LLM_CALL] Completed: AdvancedSearch.jsx:chunk1, Duration: 51131ms, PromptTokens: 2142, CompletionTokens: 402, Cost: $0.00038
2026-01-28 01:00:12,985 - Knowledge - INFO - process ingested knowledge for /app/data/T0015/311293/b0425cu/web-client-311293/src/components/ui/Ipv4Link.jsx
2026-01-28 01:00:13,121 - Knowledge - INFO - Worker kw10 processing /app/data/T0015/311293/b0425cu/web-client-311293/src/components/ui/RelativeDateFormatter.jsx
2026-01-28 01:00:13,555 - Knowledge - INFO - Fast-tracked /app/data/T0015/311293/b0425cu/web-client-311293/src/components/ui/CommandTerminal.jsx (small file (2733 bytes))
2026-01-28 01:00:13,577 - Knowledge - INFO - Worker kw9 processing /app/data/T0015/311293/b0425cu/web-client-311293/src/components/ui/CssIcon.jsx
2026-01-28 01:00:13,751 - Knowledge - INFO - Worker kw2 processing /app/data/T0015/311293/b0425cu/web-client-311293/src/components/ui/forms/MarkdownEditor.jsx
2026-01-28 01:00:13,930 - Knowledge - INFO - process ingested knowledge for /app/data/T0015/311293/b0425cu/web-client-311293/src/components/vulnerabilities/Create.jsx
2026-01-28 01:00:13,982 - Knowledge - INFO - Fast-tracked /app/data/T0015/311293/b0425cu/web-client-311293/src/components/ui/tables/NoResultsTableRow.jsx (ext=.jsx, size=258)
2026-01-28 01:00:14,260 - Knowledge - INFO - done ingest for /app/data/T0015/311293/b0425cu/web-client-311293/src/components/search/AdvancedSearch.jsx
2026-01-28 01:00:14,651 - Knowledge - INFO - Fast-tracked /app/data/T0015/311293/b0425cu/web-client-311293/src/components/ui/RelativeDateFormatter.jsx (ext=.jsx, size=558)
2026-01-28 01:00:14,767 - Knowledge - INFO - Async storage completed for 6 embeddings
2026-01-28 01:00:14,962 - Knowledge - INFO - Fast-tracked /app/data/T0015/311293/b0425cu/web-client-311293/src/components/ui/CssIcon.jsx (ext=.jsx, size=160)
2026-01-28 01:00:15,064 - Knowledge - INFO - [kw18] Queue=91, InProgress=0, PendingWorkers=20/20, Completed=220/374 (58.8%)
2026-01-28 01:00:15,126 - Knowledge - INFO - Worker kw2 processing /app/data/T0015/311293/b0425cu/web-client-311293/src/components/ui/menuitems/ExportMenuItem.jsx
2026-01-28 01:00:15,273 - Knowledge - INFO - [LLM_CALL] Completed: TasksTable.jsx:chunk1, Duration: 34247ms, PromptTokens: 2272, CompletionTokens: 304, Cost: $0.00035
2026-01-28 01:00:15,329 - Knowledge - INFO - Worker kw4 processing /app/data/T0015/311293/b0425cu/web-client-311293/src/components/ui/tables/LoadingTableRow.jsx
2026-01-28 01:00:15,568 - Knowledge - INFO - Async storage completed for 6 embeddings
2026-01-28 01:00:15,569 - Knowledge - INFO - process ingested knowledge for /app/data/T0015/311293/b0425cu/web-client-311293/src/components/ui/ExternalLink.test.jsx
2026-01-28 01:00:15,894 - Knowledge - INFO - Worker kw9 processing /app/data/T0015/311293/b0425cu/web-client-311293/src/components/ui/DescendingSortLink.jsx
2026-01-28 01:00:16,048 - Knowledge - INFO - Batch sizing: calculated=4, max_allowed=10, queue=91, active_workers=20/20
2026-01-28 01:00:16,236 - Knowledge - INFO - Fast-tracked /app/data/T0015/311293/b0425cu/web-client-311293/src/components/ui/menuitems/ExportMenuItem.jsx (ext=.jsx, size=304)
2026-01-28 01:00:16,400 - Knowledge - INFO - done ingest for /app/data/T0015/311293/b0425cu/web-client-311293/src/components/tasks/TasksTable.jsx
2026-01-28 01:00:16,434 - Knowledge - INFO - [LLM_CALL] Completed: TaskDetailsPage.jsx:chunk1, Duration: 37923ms, PromptTokens: 4144, CompletionTokens: 672, Cost: $0.00068
2026-01-28 01:00:16,577 - Knowledge - INFO - Fast-tracked /app/data/T0015/311293/b0425cu/web-client-311293/src/components/ui/tables/LoadingTableRow.jsx (ext=.jsx, size=280)
2026-01-28 01:00:16,976 - Knowledge - INFO - Fast-tracked /app/data/T0015/311293/b0425cu/web-client-311293/src/components/ui/DescendingSortLink.jsx (ext=.jsx, size=204)
2026-01-28 01:00:17,285 - Knowledge - INFO - Worker kw2 processing /app/data/T0015/311293/b0425cu/web-client-311293/src/components/ui/TimestampsSection.jsx
2026-01-28 01:00:17,576 - Knowledge - INFO - done ingest for /app/data/T0015/311293/b0425cu/web-client-311293/src/components/tasks/TaskDetailsPage.jsx
2026-01-28 01:00:17,626 - Knowledge - INFO - done ingest for /app/data/T0015/311293/b0425cu/web-client-311293/src/components/projects/Form.jsx
2026-01-28 01:00:17,675 - Knowledge - INFO - [LLM_CALL] Completed: Filters.jsx:chunk1, Duration: 47383ms, PromptTokens: 1954, CompletionTokens: 324, Cost: $0.00032
2026-01-28 01:00:17,722 - Knowledge - INFO - Worker kw4 processing /app/data/T0015/311293/b0425cu/web-client-311293/src/components/ui/tables/SortLink.jsx
2026-01-28 01:00:17,876 - Knowledge - INFO - Async storage completed for 6 embeddings
2026-01-28 01:00:17,993 - Knowledge - INFO - Fast-tracked /app/data/T0015/311293/b0425cu/web-client-311293/src/components/ui/TimestampsSection.jsx (ext=.jsx, size=851)
2026-01-28 01:00:18,908 - Knowledge - INFO - done ingest for /app/data/T0015/311293/b0425cu/web-client-311293/src/components/tasks/Filters.jsx
2026-01-28 01:00:19,044 - Knowledge - INFO - done ingest for /app/data/T0015/311293/b0425cu/web-client-311293/src/components/vulnerabilities/templates/Details.jsx
2026-01-28 01:00:19,048 - Knowledge - INFO - Async storing batch of 5 embeddings
2026-01-28 01:00:19,051 - Knowledge - INFO - Fast-tracked /app/data/T0015/311293/b0425cu/web-client-311293/src/components/ui/tables/SortLink.jsx (ext=.jsx, size=257)
2026-01-28 01:00:19,558 - Knowledge - INFO - Fast-tracked /app/data/T0015/311293/b0425cu/web-client-311293/src/components/ui/forms/MarkdownEditor.jsx (small file (2527 bytes))
2026-01-28 01:00:19,587 - Knowledge - INFO - process ingested knowledge for /app/data/T0015/311293/b0425cu/web-client-311293/src/components/ui/NoResults.jsx
2026-01-28 01:00:19,917 - Knowledge - INFO - Worker kw18 processing /app/data/T0015/311293/b0425cu/web-client-311293/src/components/ui/buttons/Reload.jsx
2026-01-28 01:00:20,093 - Knowledge - INFO - Async storage completed for 5 embeddings
2026-01-28 01:00:20,315 - Knowledge - INFO - Async storage completed for 6 embeddings
2026-01-28 01:00:20,329 - Knowledge - INFO - [WEBSOCKET] Sent: Type=progress_update, Size: 292, Duration: 0ms
2026-01-28 01:00:20,601 - Knowledge - INFO - [kw5] Queue=87, InProgress=0, PendingWorkers=20/20, Completed=228/374 (61.0%)
2026-01-28 01:00:20,885 - Knowledge - INFO - Fast-tracked /app/data/T0015/311293/b0425cu/web-client-311293/src/components/ui/buttons/Reload.jsx (ext=.jsx, size=287)
2026-01-28 01:00:21,269 - Knowledge - INFO - [kw15] Queue=87, InProgress=0, PendingWorkers=20/20, Completed=231/374 (61.8%)
2026-01-28 01:00:21,954 - Knowledge - INFO - Batch sizing: calculated=4, max_allowed=10, queue=87, active_workers=20/20
2026-01-28 01:00:21,989 - Knowledge - INFO - [WEBSOCKET] Sent: Type=unknown, Size: ?, Duration: 1661ms
2026-01-28 01:00:22,192 - Knowledge - INFO - Worker kw18 processing /app/data/T0015/311293/b0425cu/web-client-311293/src/components/ui/buttons/Delete.jsx
2026-01-28 01:00:22,330 - Knowledge - INFO - Batch sizing: calculated=4, max_allowed=10, queue=87, active_workers=20/20
2026-01-28 01:00:22,664 - Knowledge - INFO - Progress: 60.2% | Files: 235/374 | Rate: 1.64 files/sec | Queue: 87
2026-01-28 01:00:22,945 - Knowledge - INFO - done ingest for /app/data/T0015/311293/b0425cu/web-client-311293/src/components/vulnerabilities/Details.jsx
2026-01-28 01:00:23,014 - Knowledge - INFO - [LLM_CALL] Completed: Membership.jsx:chunk1, Duration: 53197ms, PromptTokens: 2410, CompletionTokens: 470, Cost: $0.00043
2026-01-28 01:00:23,023 - Knowledge - INFO - Fast-tracked /app/data/T0015/311293/b0425cu/web-client-311293/src/components/ui/buttons/Delete.jsx (ext=.jsx, size=332)
2026-01-28 01:00:23,529 - Knowledge - INFO - done ingest for /app/data/T0015/311293/b0425cu/web-client-311293/src/components/projects/Membership.jsx
2026-01-28 01:00:23,661 - Knowledge - INFO - Async storing batch of 5 embeddings
2026-01-28 01:00:23,701 - Knowledge - INFO - Worker kw18 processing /app/data/T0015/311293/b0425cu/web-client-311293/src/components/ui/buttons/Link.jsx
2026-01-28 01:00:24,284 - Knowledge - INFO - Worker kw5 processing /app/data/T0015/311293/b0425cu/web-client-311293/src/components/ui/buttons/Edit.jsx
2026-01-28 01:00:24,291 - Knowledge - INFO - Async storing batch of 5 embeddings
2026-01-28 01:00:24,291 - Knowledge - INFO - [kw14] Queue=79, InProgress=0, PendingWorkers=20/20, Completed=238/374 (63.6%)
2026-01-28 01:00:24,507 - Knowledge - INFO - Fast-tracked /app/data/T0015/311293/b0425cu/web-client-311293/src/components/ui/buttons/Link.jsx (ext=.jsx, size=611)
2026-01-28 01:00:24,626 - Knowledge - INFO - Fast-tracked /app/data/T0015/311293/b0425cu/web-client-311293/src/components/ui/buttons/Edit.jsx (ext=.jsx, size=286)
2026-01-28 01:00:24,869 - Knowledge - INFO - Worker kw15 processing /app/data/T0015/311293/b0425cu/web-client-311293/src/components/ui/buttons/Primary.jsx
2026-01-28 01:00:24,933 - Knowledge - INFO - [WEBSOCKET] Sent: Type=progress_update, Size: 293, Duration: 0ms
2026-01-28 01:00:25,031 - Knowledge - INFO - Batch sizing: calculated=4, max_allowed=10, queue=79, active_workers=20/20
2026-01-28 01:00:25,203 - Knowledge - INFO - Worker kw18 processing /app/data/T0015/311293/b0425cu/web-client-311293/src/components/ui/buttons/ExportButton.jsx
2026-01-28 01:00:25,552 - Knowledge - INFO - Worker kw5 processing /app/data/T0015/311293/b0425cu/web-client-311293/src/components/ui/buttons/Export.jsx
2026-01-28 01:00:25,633 - Knowledge - INFO - Fast-tracked /app/data/T0015/311293/b0425cu/web-client-311293/src/components/ui/buttons/Primary.jsx (ext=.jsx, size=463)
2026-01-28 01:00:25,908 - Knowledge - INFO - done ingest for /app/data/T0015/311293/b0425cu/web-client-311293/src/components/vulnerabilities/templates/List.jsx
2026-01-28 01:00:25,921 - Knowledge - INFO - [WEBSOCKET] Sent: Type=unknown, Size: ?, Duration: 988ms
2026-01-28 01:00:26,193 - Knowledge - INFO - Fast-tracked /app/data/T0015/311293/b0425cu/web-client-311293/src/components/ui/buttons/ExportButton.jsx (ext=.jsx, size=359)
2026-01-28 01:00:26,380 - Knowledge - INFO - Fast-tracked /app/data/T0015/311293/b0425cu/web-client-311293/src/components/ui/buttons/Export.jsx (ext=.jsx, size=177)
2026-01-28 01:00:26,515 - Knowledge - INFO - Worker kw15 processing /app/data/T0015/311293/b0425cu/web-client-311293/src/components/ui/buttons/Create.jsx
2026-01-28 01:00:26,747 - Knowledge - INFO - Progress: 64.4% | Files: 249/374 | Rate: 1.68 files/sec | Queue: 75
2026-01-28 01:00:26,799 - Knowledge - INFO - Processing batch of 5 files
2026-01-28 01:00:26,840 - Knowledge - INFO - done ingest for /app/data/T0015/311293/b0425cu/web-client-311293/src/components/notifications/List.jsx
2026-01-28 01:00:26,846 - Knowledge - INFO - done ingest for /app/data/T0015/311293/b0425cu/web-client-311293/src/components/projects/templates/Details.jsx
2026-01-28 01:00:26,872 - Knowledge - INFO - Async storing batch of 5 embeddings
2026-01-28 01:00:26,930 - Knowledge - INFO - Processing batch of 5 files
2026-01-28 01:00:27,035 - Knowledge - INFO - Processing batch of 5 files
2026-01-28 01:00:27,054 - Knowledge - INFO - Async storage completed for 5 embeddings
2026-01-28 01:00:27,087 - Knowledge - INFO - [LLM_CALL] Completed: VulnerabilityDescriptionPanel.jsx:chunk1, Duration: 62999ms, PromptTokens: 3132, CompletionTokens: 417, Cost: $0.00048
2026-01-28 01:00:27,124 - Knowledge - INFO - Worker kw5 processing /app/data/T0015/311293/b0425cu/web-client-311293/src/components/ui/buttons/DeleteIconButton.jsx
2026-01-28 01:00:27,379 - Knowledge - INFO - Fast-tracked /app/data/T0015/311293/b0425cu/web-client-311293/src/components/ui/buttons/Create.jsx (ext=.jsx, size=311)
2026-01-28 01:00:27,648 - Knowledge - INFO - [kw13] Queue=75, InProgress=0, PendingWorkers=20/20, Completed=253/374 (67.6%)
2026-01-28 01:00:27,656 - Knowledge - INFO - process ingested knowledge for /app/data/T0015/311293/b0425cu/web-client-311293/src/components/ui/ShellCommand.css
2026-01-28 01:00:28,137 - Knowledge - INFO - Worker kw14 processing /app/data/T0015/311293/b0425cu/web-client-311293/src/components/layout/dashboard/Routes.jsx
2026-01-28 01:00:28,284 - Knowledge - INFO - process ingested knowledge for /app/data/T0015/311293/b0425cu/web-client-311293/src/components/ui/BooleanText.ts
2026-01-28 01:00:28,366 - Knowledge - INFO - process ingested knowledge for /app/data/T0015/311293/b0425cu/web-client-311293/src/components/ui/Tags.jsx
2026-01-28 01:00:28,554 - Knowledge - INFO - done ingest for /app/data/T0015/311293/b0425cu/web-client-311293/src/components/vulnerabilities/VulnerabilityDescriptionPanel.jsx
2026-01-28 01:00:28,586 - Knowledge - INFO - [LLM_CALL] Completed: TasksListPage.jsx:chunk1, Duration: 52088ms, PromptTokens: 2622, CompletionTokens: 516, Cost: $0.00047
2026-01-28 01:00:28,663 - Knowledge - INFO - Fast-tracked /app/data/T0015/311293/b0425cu/web-client-311293/src/components/ui/buttons/DeleteIconButton.jsx (ext=.jsx, size=317)
2026-01-28 01:00:28,747 - Knowledge - INFO - Worker kw15 processing /app/data/T0015/311293/b0425cu/web-client-311293/src/components/ui/Tag.jsx
2026-01-28 01:00:28,833 - Knowledge - INFO - Batch sizing: calculated=4, max_allowed=10, queue=75, active_workers=20/20
2026-01-28 01:00:28,925 - Knowledge - INFO - process ingested knowledge for /app/data/T0015/311293/b0425cu/web-client-311293/src/components/ui/Tooltip.jsx
2026-01-28 01:00:29,017 - Knowledge - INFO - Fast-tracked /app/data/T0015/311293/b0425cu/web-client-311293/src/components/layout/dashboard/Routes.jsx (ext=.jsx, size=298)
2026-01-28 01:00:29,098 - Knowledge - INFO - process ingested knowledge for /app/data/T0015/311293/b0425cu/web-client-311293/src/components/ui/Tooltip.module.css
2026-01-28 01:00:29,180 - Knowledge - INFO - process ingested knowledge for /app/data/T0015/311293/b0425cu/web-client-311293/src/components/ui/Timestamps.jsx
2026-01-28 01:00:29,483 - Knowledge - INFO - done ingest for /app/data/T0015/311293/b0425cu/web-client-311293/src/components/tasks/TasksListPage.jsx
2026-01-28 01:00:29,487 - Knowledge - INFO - [kw19] Queue=75, InProgress=0, PendingWorkers=20/20, Completed=256/374 (68.4%)
2026-01-28 01:00:29,505 - Knowledge - INFO - [LLM_CALL] Completed: VaultItemEdit.jsx:chunk1, Duration: 58653ms, PromptTokens: 2742, CompletionTokens: 308, Cost: $0.00040
2026-01-28 01:00:29,611 - Knowledge - INFO - Worker kw5 processing /app/data/T0015/311293/b0425cu/web-client-311293/src/components/ui/buttons/Secondary.jsx
2026-01-28 01:00:29,728 - Knowledge - INFO - Fast-tracked /app/data/T0015/311293/b0425cu/web-client-311293/src/components/ui/Tag.jsx (ext=.jsx, size=115)
2026-01-28 01:00:29,956 - Knowledge - INFO - process ingested knowledge for /app/data/T0015/311293/b0425cu/web-client-311293/src/components/ui/Loading.jsx
2026-01-28 01:00:30,078 - Knowledge - INFO - Worker kw14 processing /app/data/T0015/311293/b0425cu/web-client-311293/src/components/layout/dashboard/PageNotFound.jsx
2026-01-28 01:00:30,197 - Knowledge - INFO - process ingested knowledge for /app/data/T0015/311293/b0425cu/web-client-311293/src/components/ui/EmptyField.jsx
2026-01-28 01:00:30,333 - Knowledge - INFO - process ingested knowledge for /app/data/T0015/311293/b0425cu/web-client-311293/src/components/ui/Breadcrumb.jsx
2026-01-28 01:00:30,687 - Knowledge - INFO - Batch sizing: calculated=4, max_allowed=10, queue=75, active_workers=20/20
2026-01-28 01:00:30,779 - Knowledge - INFO - done ingest for /app/data/T0015/311293/b0425cu/web-client-311293/src/components/projects/vault/VaultItemEdit.jsx
2026-01-28 01:00:30,801 - Knowledge - INFO - Processing batch of 4 files
2026-01-28 01:00:30,822 - Knowledge - INFO - done ingest for /app/data/T0015/311293/b0425cu/web-client-311293/src/components/vulnerabilities/List.jsx
2026-01-28 01:00:30,889 - Knowledge - INFO - Async storing batch of 5 embeddings
2026-01-28 01:00:30,900 - Knowledge - INFO - [WEBSOCKET] Sent: Type=progress_update, Size: 293, Duration: 109ms
2026-01-28 01:00:30,952 - Knowledge - INFO - Fast-tracked /app/data/T0015/311293/b0425cu/web-client-311293/src/components/ui/buttons/Secondary.jsx (ext=.jsx, size=568)
2026-01-28 01:00:31,063 - Knowledge - INFO - Worker kw15 processing /app/data/T0015/311293/b0425cu/web-client-311293/src/components/layout/dashboard/DashboardPage.jsx
2026-01-28 01:00:31,186 - Knowledge - INFO - process ingested knowledge for /app/data/T0015/311293/b0425cu/web-client-311293/src/components/ui/UserAgentLabel.jsx
2026-01-28 01:00:31,352 - Knowledge - INFO - Fast-tracked /app/data/T0015/311293/b0425cu/web-client-311293/src/components/layout/dashboard/PageNotFound.jsx (ext=.jsx, size=255)
2026-01-28 01:00:31,432 - Knowledge - INFO - process ingested knowledge for /app/data/T0015/311293/b0425cu/web-client-311293/src/components/ui/CommandTerminal.jsx
2026-01-28 01:00:31,525 - Knowledge - INFO - process ingested knowledge for /app/data/T0015/311293/b0425cu/web-client-311293/src/components/ui/VisibilityLegend.jsx
2026-01-28 01:00:31,839 - Knowledge - INFO - process ingested knowledge for /app/data/T0015/311293/b0425cu/web-client-311293/src/components/ui/forms/MarkdownEditor.css
2026-01-28 01:00:31,968 - Knowledge - INFO - Worker kw13 processing /app/data/T0015/311293/b0425cu/web-client-311293/src/components/layout/dashboard/widgets/UserActivityStatsWidget.jsx
2026-01-28 01:00:32,168 - Knowledge - INFO - Processing batch of 4 files
2026-01-28 01:00:32,171 - Knowledge - INFO - Processing batch of 5 files
2026-01-28 01:00:32,175 - Knowledge - INFO - Async storing batch of 5 embeddings
2026-01-28 01:00:32,177 - Knowledge - INFO - [LLM_CALL] Completed: VaultSecretForm.jsx:chunk1, Duration: 54557ms, PromptTokens: 2558, CompletionTokens: 303, Cost: $0.00038
2026-01-28 01:00:32,272 - Knowledge - INFO - Async storage completed for 5 embeddings
2026-01-28 01:00:32,443 - Knowledge - INFO - process ingested knowledge for /app/data/T0015/311293/b0425cu/web-client-311293/src/components/ui/RelativeDateFormatter.jsx
2026-01-28 01:00:32,531 - Knowledge - INFO - Worker kw14 processing /app/data/T0015/311293/b0425cu/web-client-311293/src/components/layout/dashboard/widgets/PopularCommandsWidget.jsx
2026-01-28 01:00:32,612 - Knowledge - INFO - process ingested knowledge for /app/data/T0015/311293/b0425cu/web-client-311293/src/components/ui/toast.jsx
2026-01-28 01:00:32,703 - Knowledge - INFO - process ingested knowledge for /app/data/T0015/311293/b0425cu/web-client-311293/src/components/ui/ShellCommand.jsx
2026-01-28 01:00:32,798 - Knowledge - INFO - process ingested knowledge for /app/data/T0015/311293/b0425cu/web-client-311293/src/components/ui/forms/MarkdownEditor.jsx
2026-01-28 01:00:32,916 - Knowledge - INFO - Fast-tracked /app/data/T0015/311293/b0425cu/web-client-311293/src/components/layout/dashboard/widgets/UserActivityStatsWidget.jsx (ext=.jsx, size=871)
2026-01-28 01:00:33,000 - Knowledge - INFO - process ingested knowledge for /app/data/T0015/311293/b0425cu/web-client-311293/src/components/ui/tables/NativeTable.jsx
2026-01-28 01:00:33,079 - Knowledge - INFO - process ingested knowledge for /app/data/T0015/311293/b0425cu/web-client-311293/src/components/tasks/TaskStatusFormatter.css
2026-01-28 01:00:33,203 - Knowledge - INFO - Worker kw19 processing /app/data/T0015/311293/b0425cu/web-client-311293/src/components/layout/dashboard/widgets/VulnerabilitiesByCategoryStatsWidget.jsx
2026-01-28 01:00:33,295 - Knowledge - INFO - done ingest for /app/data/T0015/311293/b0425cu/web-client-311293/src/components/projects/vault/VaultSecretForm.jsx
2026-01-28 01:00:33,295 - Knowledge - INFO - [WEBSOCKET] Sent: Type=unknown, Size: ?, Duration: 4713ms
2026-01-28 01:00:33,583 - Knowledge - INFO - Fast-tracked /app/data/T0015/311293/b0425cu/web-client-311293/src/components/layout/dashboard/widgets/PopularCommandsWidget.jsx (ext=.jsx, size=1376)
2026-01-28 01:00:33,974 - Knowledge - INFO - process ingested knowledge for /app/data/T0015/311293/b0425cu/web-client-311293/src/components/ui/menuitems/ExportMenuItem.jsx
2026-01-28 01:00:33,984 - Knowledge - INFO - Worker kw13 processing /app/data/T0015/311293/b0425cu/web-client-311293/src/components/layout/dashboard/widgets/RecentVulnerabilitiesWidget.jsx
2026-01-28 01:00:34,326 - Knowledge - INFO - Fast-tracked /app/data/T0015/311293/b0425cu/web-client-311293/src/components/layout/dashboard/widgets/VulnerabilitiesByCategoryStatsWidget.jsx (ext=.jsx, size=1544)
2026-01-28 01:00:34,530 - Knowledge - INFO - process ingested knowledge for /app/data/T0015/311293/b0425cu/web-client-311293/src/components/ui/tables/NoResultsTableRow.jsx
2026-01-28 01:00:34,549 - Knowledge - INFO - process ingested knowledge for /app/data/T0015/311293/b0425cu/web-client-311293/src/components/tasks/TaskForm.jsx
2026-01-28 01:00:34,600 - Knowledge - INFO - Progress: 67.4% | Files: 262/374 | Rate: 1.73 files/sec | Queue: 67
2026-01-28 01:00:34,638 - Knowledge - INFO - done ingest for /app/data/T0015/311293/b0425cu/web-client-311293/src/components/vulnerabilities/categories/List.jsx
2026-01-28 01:00:34,736 - Knowledge - INFO - Processing batch of 5 files
2026-01-28 01:00:34,806 - Knowledge - INFO - Worker kw14 processing /app/data/T0015/311293/b0425cu/web-client-311293/src/components/layout/dashboard/widgets/VulnerabilitiesByRiskStatsWidget.jsx
2026-01-28 01:00:35,177 - Knowledge - INFO - [LLM_CALL] Completed: DetailsTab.jsx:chunk1, Duration: 71287ms, PromptTokens: 2690, CompletionTokens: 365, Cost: $0.00042
2026-01-28 01:00:35,246 - Knowledge - INFO - Fast-tracked /app/data/T0015/311293/b0425cu/web-client-311293/src/components/layout/dashboard/widgets/RecentVulnerabilitiesWidget.jsx (ext=.jsx, size=1854)
2026-01-28 01:00:35,332 - Knowledge - INFO - Worker kw19 processing /app/data/T0015/311293/b0425cu/web-client-311293/src/components/layout/dashboard/widgets/RecentActivityWidget.jsx
2026-01-28 01:00:35,461 - Knowledge - INFO - process ingested knowledge for /app/data/T0015/311293/b0425cu/web-client-311293/src/components/ui/TimestampsSection.jsx
2026-01-28 01:00:35,620 - Knowledge - INFO - process ingested knowledge for /app/data/T0015/311293/b0425cu/web-client-311293/src/components/ui/tables/LoadingTableRow.jsx
2026-01-28 01:00:35,621 - Knowledge - INFO - process ingested knowledge for /app/data/T0015/311293/b0425cu/web-client-311293/src/components/tasks/TaskStatusFormatter.jsx
2026-01-28 01:00:35,747 - Knowledge - INFO - Async storage completed for 5 embeddings
2026-01-28 01:00:35,803 - Knowledge - INFO - process ingested knowledge for /app/data/T0015/311293/b0425cu/web-client-311293/src/components/ui/Title.jsx
2026-01-28 01:00:36,083 - Knowledge - INFO - done ingest for /app/data/T0015/311293/b0425cu/web-client-311293/src/components/projects/DetailsTab.jsx
2026-01-28 01:00:36,087 - Knowledge - INFO - Fast-tracked /app/data/T0015/311293/b0425cu/web-client-311293/src/components/layout/dashboard/widgets/VulnerabilitiesByRiskStatsWidget.jsx (small file (2650 bytes))
2026-01-28 01:00:36,164 - Knowledge - INFO - [kw12] Queue=67, InProgress=0, PendingWorkers=20/20, Completed=268/374 (71.7%)
2026-01-28 01:00:36,165 - Knowledge - INFO - Worker kw13 processing /app/data/T0015/311293/b0425cu/web-client-311293/src/components/layout/dashboard/widgets/RecentDocumentsWidget.jsx
2026-01-28 01:00:36,299 - Knowledge - INFO - Fast-tracked /app/data/T0015/311293/b0425cu/web-client-311293/src/components/layout/dashboard/widgets/RecentActivityWidget.jsx (ext=.jsx, size=1615)
2026-01-28 01:00:36,351 - Knowledge - INFO - [LLM_CALL] Completed: OwaspRR.jsx:chunk1, Duration: 80585ms, PromptTokens: 12080, CompletionTokens: 549, Cost: $0.00143
2026-01-28 01:00:36,695 - Knowledge - INFO - process ingested knowledge for /app/data/T0015/311293/b0425cu/web-client-311293/src/components/tasks/TaskTableModel.ts
2026-01-28 01:00:36,695 - Knowledge - INFO - process ingested knowledge for /app/data/T0015/311293/b0425cu/web-client-311293/src/components/ui/tables/SortLink.jsx
2026-01-28 01:00:36,795 - Knowledge - INFO - process ingested knowledge for /app/data/T0015/311293/b0425cu/web-client-311293/src/components/ui/TelephoneLink.jsx
2026-01-28 01:00:37,040 - Knowledge - INFO - Async storage completed for 5 embeddings
2026-01-28 01:00:37,187 - Knowledge - INFO - Batch sizing: calculated=4, max_allowed=10, queue=67, active_workers=20/20
2026-01-28 01:00:37,261 - Knowledge - INFO - Fast-tracked /app/data/T0015/311293/b0425cu/web-client-311293/src/components/layout/dashboard/widgets/RecentDocumentsWidget.jsx (ext=.jsx, size=1475)
2026-01-28 01:00:37,382 - Knowledge - INFO - Worker kw19 processing /app/data/T0015/311293/b0425cu/web-client-311293/src/components/layout/dashboard/widgets/ActiveProjectsWidget.jsx
2026-01-28 01:00:37,466 - Knowledge - INFO - done ingest for /app/data/T0015/311293/b0425cu/web-client-311293/src/components/vulnerabilities/OwaspRR.jsx
2026-01-28 01:00:37,471 - Knowledge - INFO - Processing batch of 5 files
2026-01-28 01:00:37,481 - Knowledge - INFO - [kw7] Queue=67, InProgress=0, PendingWorkers=20/20, Completed=275/374 (73.5%)
2026-01-28 01:00:37,481 - Knowledge - INFO - [WEBSOCKET] Sent: Type=progress_update, Size: 293, Duration: 6ms
2026-01-28 01:00:37,578 - Knowledge - INFO - process ingested knowledge for /app/data/T0015/311293/b0425cu/web-client-311293/src/components/tasks/TasksTable.jsx
2026-01-28 01:00:37,749 - Knowledge - INFO - process ingested knowledge for /app/data/T0015/311293/b0425cu/web-client-311293/src/components/ui/AscendingSortLink.jsx
2026-01-28 01:00:37,999 - Knowledge - INFO - Worker kw13 processing /app/data/T0015/311293/b0425cu/web-client-311293/src/components/layout/dashboard/widgets/DiscussionsWidget.jsx
2026-01-28 01:00:38,081 - Knowledge - INFO - Fast-tracked /app/data/T0015/311293/b0425cu/web-client-311293/src/components/layout/dashboard/widgets/ActiveProjectsWidget.jsx (ext=.jsx, size=1100)
2026-01-28 01:00:38,269 - Knowledge - INFO - process ingested knowledge for /app/data/T0015/311293/b0425cu/web-client-311293/src/components/tasks/TaskBadge.jsx
2026-01-28 01:00:38,390 - Knowledge - INFO - Batch sizing: calculated=4, max_allowed=10, queue=67, active_workers=20/20
2026-01-28 01:00:38,476 - Knowledge - INFO - [kw10] Queue=63, InProgress=0, PendingWorkers=20/20, Completed=277/374 (74.1%)
2026-01-28 01:00:38,477 - Knowledge - INFO - Async storing batch of 6 embeddings
2026-01-28 01:00:38,520 - Knowledge - INFO - [kw2] Queue=63, InProgress=0, PendingWorkers=20/20, Completed=282/374 (75.4%)
2026-01-28 01:00:38,575 - Knowledge - INFO - [WEBSOCKET] Sent: Type=unknown, Size: ?, Duration: 1100ms
2026-01-28 01:00:38,836 - Knowledge - INFO - process ingested knowledge for /app/data/T0015/311293/b0425cu/web-client-311293/src/components/ui/CssIcon.jsx
2026-01-28 01:00:38,841 - Knowledge - INFO - Fast-tracked /app/data/T0015/311293/b0425cu/web-client-311293/src/components/layout/dashboard/widgets/DiscussionsWidget.jsx (ext=.jsx, size=1690)
2026-01-28 01:00:38,923 - Knowledge - INFO - Worker kw19 processing /app/data/T0015/311293/b0425cu/web-client-311293/src/components/layout/dashboard/widgets/WelcomeWidget.jsx
2026-01-28 01:00:39,080 - Knowledge - INFO - process ingested knowledge for /app/data/T0015/311293/b0425cu/web-client-311293/src/components/tasks/Edit.jsx
2026-01-28 01:00:39,225 - Knowledge - INFO - Batch sizing: calculated=4, max_allowed=10, queue=63, active_workers=20/20
2026-01-28 01:00:39,335 - Knowledge - INFO - Worker kw12 processing /app/data/T0015/311293/b0425cu/web-client-311293/src/components/layout/dashboard/widgets/MyTasksWidget.jsx
2026-01-28 01:00:39,459 - Knowledge - INFO - Batch sizing: calculated=4, max_allowed=10, queue=63, active_workers=20/20
2026-01-28 01:00:39,553 - Knowledge - INFO - Progress: 73.5% | Files: 282/374 | Rate: 1.74 files/sec | Queue: 59
2026-01-28 01:00:39,593 - Knowledge - INFO - Processing batch of 5 files
2026-01-28 01:00:39,594 - Knowledge - INFO - Processing batch of 4 files
2026-01-28 01:00:39,595 - Knowledge - INFO - Async storing batch of 5 embeddings
2026-01-28 01:00:39,595 - Knowledge - INFO - Processing batch of 4 files
2026-01-28 01:00:39,617 - Knowledge - INFO - [kw4] Queue=59, InProgress=0, PendingWorkers=20/20, Completed=283/374 (75.7%)
2026-01-28 01:00:39,629 - Knowledge - INFO - Processing batch of 5 files
2026-01-28 01:00:39,629 - Knowledge - INFO - Processing batch of 5 files
2026-01-28 01:00:39,638 - Knowledge - INFO - Processing batch of 5 files
2026-01-28 01:00:39,657 - Knowledge - INFO - process ingested knowledge for /app/data/T0015/311293/b0425cu/web-client-311293/src/components/ui/DescendingSortLink.jsx
2026-01-28 01:00:39,691 - Knowledge - INFO - [kw20] Queue=59, InProgress=0, PendingWorkers=20/20, Completed=293/374 (78.3%)
2026-01-28 01:00:39,713 - Knowledge - INFO - Processing batch of 4 files
2026-01-28 01:00:39,716 - Knowledge - INFO - Processing batch of 6 files
2026-01-28 01:00:39,807 - Knowledge - INFO - Async storage completed for 5 embeddings
2026-01-28 01:00:39,910 - Knowledge - INFO - Fast-tracked /app/data/T0015/311293/b0425cu/web-client-311293/src/components/layout/dashboard/widgets/WelcomeWidget.jsx (ext=.jsx, size=825)
2026-01-28 01:00:40,001 - Knowledge - INFO - process ingested knowledge for /app/data/T0015/311293/b0425cu/web-client-311293/src/components/tasks/TaskDetailsPage.jsx
2026-01-28 01:00:40,099 - Knowledge - INFO - Async storing batch of 5 embeddings
2026-01-28 01:00:40,202 - Knowledge - INFO - Fast-tracked /app/data/T0015/311293/b0425cu/web-client-311293/src/components/layout/dashboard/widgets/MyTasksWidget.jsx (ext=.jsx, size=1189)
2026-01-28 01:00:40,288 - Knowledge - INFO - Async storing batch of 4 embeddings
2026-01-28 01:00:40,373 - Knowledge - INFO - [kw3] Queue=51, InProgress=0, PendingWorkers=20/20, Completed=295/374 (78.9%)
2026-01-28 01:00:40,513 - Knowledge - INFO - process ingested knowledge for /app/data/T0015/311293/b0425cu/web-client-311293/src/components/projects/Form.jsx
2026-01-28 01:00:40,619 - Knowledge - INFO - process ingested knowledge for /app/data/T0015/311293/b0425cu/web-client-311293/src/components/ui/buttons/Edit.jsx
2026-01-28 01:00:40,757 - Knowledge - INFO - Worker kw7 processing /app/data/T0015/311293/b0425cu/web-client-311293/src/components/layout/dashboard/widgets/ApiHealthWidget.jsx
2026-01-28 01:00:40,841 - Knowledge - INFO - process ingested knowledge for /app/data/T0015/311293/b0425cu/web-client-311293/src/components/ui/buttons/Reload.jsx
2026-01-28 01:00:40,927 - Knowledge - INFO - Batch sizing: calculated=4, max_allowed=10, queue=59, active_workers=20/20
2026-01-28 01:00:41,059 - Knowledge - INFO - process ingested knowledge for /app/data/T0015/311293/b0425cu/web-client-311293/src/components/search/CommandsSearchResults.jsx
2026-01-28 01:00:41,145 - Knowledge - INFO - process ingested knowledge for /app/data/T0015/311293/b0425cu/web-client-311293/src/components/vulnerabilities/templates/Details.jsx
2026-01-28 01:00:41,217 - Knowledge - INFO - process ingested knowledge for /app/data/T0015/311293/b0425cu/web-client-311293/src/components/notifications/List.jsx
2026-01-28 01:00:41,380 - Knowledge - INFO - Batch sizing: calculated=4, max_allowed=10, queue=59, active_workers=20/20
2026-01-28 01:00:41,500 - Knowledge - INFO - process ingested knowledge for /app/data/T0015/311293/b0425cu/web-client-311293/src/components/layout/dashboard/Routes.jsx
2026-01-28 01:00:41,581 - Knowledge - INFO - process ingested knowledge for /app/data/T0015/311293/b0425cu/web-client-311293/src/components/vulnerabilities/categories/List.jsx
2026-01-28 01:00:41,759 - Knowledge - INFO - Async storage completed for 5 embeddings
2026-01-28 01:00:41,791 - Knowledge - INFO - Processing batch of 4 files
2026-01-28 01:00:41,852 - Knowledge - INFO - process ingested knowledge for /app/data/T0015/311293/b0425cu/web-client-311293/src/components/tasks/Routes.jsx
2026-01-28 01:00:41,881 - Knowledge - INFO - [WEBSOCKET] Sent: Type=progress_update, Size: 290, Duration: 0ms
2026-01-28 01:00:41,920 - Knowledge - INFO - Worker kw10 processing /app/data/T0015/311293/b0425cu/web-client-311293/src/components/layout/HeaderLogo.jsx
2026-01-28 01:00:42,017 - Knowledge - INFO - Worker kw12 processing /app/data/T0015/311293/b0425cu/web-client-311293/src/components/layout/dashboard/widgets/DashboardWidget.css
2026-01-28 01:00:42,105 - Knowledge - INFO - Worker kw2 processing /app/data/T0015/311293/b0425cu/web-client-311293/src/components/settings/Routes.jsx
2026-01-28 01:00:42,187 - Knowledge - INFO - Batch sizing: calculated=4, max_allowed=10, queue=51, active_workers=20/20
2026-01-28 01:00:42,272 - Knowledge - INFO - process ingested knowledge for /app/data/T0015/311293/b0425cu/web-client-311293/src/components/projects/Create.jsx
2026-01-28 01:00:42,358 - Knowledge - INFO - process ingested knowledge for /app/data/T0015/311293/b0425cu/web-client-311293/src/components/ui/buttons/Export.jsx
2026-01-28 01:00:42,442 - Knowledge - INFO - Fast-tracked /app/data/T0015/311293/b0425cu/web-client-311293/src/components/layout/dashboard/widgets/ApiHealthWidget.jsx (ext=.jsx, size=853)
2026-01-28 01:00:42,524 - Knowledge - INFO - process ingested knowledge for /app/data/T0015/311293/b0425cu/web-client-311293/src/components/ui/buttons/Delete.jsx
2026-01-28 01:00:42,719 - Knowledge - INFO - process ingested knowledge for /app/data/T0015/311293/b0425cu/web-client-311293/src/components/search/VulnerabilitiesSearchResults.jsx
2026-01-28 01:00:42,848 - Knowledge - INFO - process ingested knowledge for /app/data/T0015/311293/b0425cu/web-client-311293/src/components/vulnerabilities/templates/List.jsx
2026-01-28 01:00:42,937 - Knowledge - INFO - process ingested knowledge for /app/data/T0015/311293/b0425cu/web-client-311293/src/components/projects/DetailsTab.jsx
2026-01-28 01:00:43,153 - Knowledge - INFO - process ingested knowledge for /app/data/T0015/311293/b0425cu/web-client-311293/src/components/layout/dashboard/PageNotFound.jsx
2026-01-28 01:00:43,227 - Knowledge - INFO - process ingested knowledge for /app/data/T0015/311293/b0425cu/web-client-311293/src/components/vulnerabilities/VulnerabilityRemediationPanel.jsx
2026-01-28 01:00:43,443 - Knowledge - INFO - process ingested knowledge for /app/data/T0015/311293/b0425cu/web-client-311293/src/components/layout/dashboard/widgets/UserActivityStatsWidget.jsx
2026-01-28 01:00:43,535 - Knowledge - INFO - process ingested knowledge for /app/data/T0015/311293/b0425cu/web-client-311293/src/components/tasks/TaskBadge.css
2026-01-28 01:00:43,620 - Knowledge - INFO - Async storing batch of 4 embeddings
2026-01-28 01:00:43,620 - Knowledge - INFO - [WEBSOCKET] Sent: Type=unknown, Size: ?, Duration: 1739ms
2026-01-28 01:00:43,700 - Knowledge - INFO - Fast-tracked /app/data/T0015/311293/b0425cu/web-client-311293/src/components/layout/HeaderLogo.jsx (ext=.jsx, size=213)
2026-01-28 01:00:43,776 - Knowledge - INFO - Fast-tracked /app/data/T0015/311293/b0425cu/web-client-311293/src/components/layout/dashboard/widgets/DashboardWidget.css (ext=.css, size=112)
2026-01-28 01:00:43,878 - Knowledge - INFO - Fast-tracked /app/data/T0015/311293/b0425cu/web-client-311293/src/components/settings/Routes.jsx (ext=.jsx, size=439)
2026-01-28 01:00:44,087 - Knowledge - INFO - process ingested knowledge for /app/data/T0015/311293/b0425cu/web-client-311293/src/components/projects/Membership.jsx
2026-01-28 01:00:44,203 - Knowledge - INFO - process ingested knowledge for /app/data/T0015/311293/b0425cu/web-client-311293/src/components/ui/buttons/DeleteIconButton.jsx
2026-01-28 01:00:44,283 - Knowledge - INFO - Worker kw7 processing /app/data/T0015/311293/b0425cu/web-client-311293/src/components/layout/Header.jsx
2026-01-28 01:00:44,376 - Knowledge - INFO - process ingested knowledge for /app/data/T0015/311293/b0425cu/web-client-311293/src/components/ui/buttons/Link.jsx
2026-01-28 01:00:44,454 - Knowledge - INFO - process ingested knowledge for /app/data/T0015/311293/b0425cu/web-client-311293/src/components/search/AdvancedSearch.jsx
2026-01-28 01:00:44,549 - Knowledge - INFO - process ingested knowledge for /app/data/T0015/311293/b0425cu/web-client-311293/src/components/vulnerabilities/List.jsx
2026-01-28 01:00:44,651 - Knowledge - INFO - process ingested knowledge for /app/data/T0015/311293/b0425cu/web-client-311293/src/components/projects/vault/VaultItemEdit.jsx
2026-01-28 01:00:44,740 - Knowledge - INFO - process ingested knowledge for /app/data/T0015/311293/b0425cu/web-client-311293/src/components/layout/dashboard/widgets/PopularCommandsWidget.jsx
2026-01-28 01:00:44,839 - Knowledge - INFO - process ingested knowledge for /app/data/T0015/311293/b0425cu/web-client-311293/src/components/vulnerabilities/OwaspRR.jsx
2026-01-28 01:00:44,920 - Knowledge - INFO - process ingested knowledge for /app/data/T0015/311293/b0425cu/web-client-311293/src/components/layout/dashboard/widgets/RecentVulnerabilitiesWidget.jsx
2026-01-28 01:00:45,132 - Knowledge - INFO - Worker kw4 processing /app/data/T0015/311293/b0425cu/web-client-311293/src/components/tools/Routes.jsx
2026-01-28 01:00:45,221 - Knowledge - INFO - Progress: 79.9% | Files: 300/374 | Rate: 1.80 files/sec | Queue: 39
2026-01-28 01:00:45,223 - Knowledge - INFO - [LLM_CALL] Completed: DashboardPage.jsx:chunk1, Duration: 10523ms, PromptTokens: 2738, CompletionTokens: 448, Cost: $0.00045
2026-01-28 01:00:45,323 - Knowledge - INFO - Worker kw10 processing /app/data/T0015/311293/b0425cu/web-client-311293/src/components/layout/SidemenuLayout.jsx
2026-01-28 01:00:45,446 - Knowledge - INFO - Worker kw12 processing /app/data/T0015/311293/b0425cu/web-client-311293/src/components/layout/dashboard/widgets/ReleasesWidget.jsx
2026-01-28 01:00:45,552 - Knowledge - INFO - Worker kw2 processing /app/data/T0015/311293/b0425cu/web-client-311293/src/components/settings/index.jsx
2026-01-28 01:00:45,650 - Knowledge - INFO - process ingested knowledge for /app/data/T0015/311293/b0425cu/web-client-311293/src/components/projects/Report.jsx
2026-01-28 01:00:45,758 - Knowledge - INFO - process ingested knowledge for /app/data/T0015/311293/b0425cu/web-client-311293/src/components/ui/buttons/Secondary.jsx
2026-01-28 01:00:45,844 - Knowledge - INFO - Worker kw7 processing /app/data/T0015/311293/b0425cu/web-client-311293/src/components/layout/DashboardLayout.jsx
2026-01-28 01:00:45,926 - Knowledge - INFO - process ingested knowledge for /app/data/T0015/311293/b0425cu/web-client-311293/src/components/ui/buttons/ExportButton.jsx
2026-01-28 01:00:46,002 - Knowledge - INFO - process ingested knowledge for /app/data/T0015/311293/b0425cu/web-client-311293/src/components/tasks/Filters.jsx
2026-01-28 01:00:46,113 - Knowledge - INFO - process ingested knowledge for /app/data/T0015/311293/b0425cu/web-client-311293/src/components/notifications/NotificationsBadge.jsx
2026-01-28 01:00:46,225 - Knowledge - INFO - process ingested knowledge for /app/data/T0015/311293/b0425cu/web-client-311293/src/components/projects/vault/VaultTab.jsx
2026-01-28 01:00:46,327 - Knowledge - INFO - process ingested knowledge for /app/data/T0015/311293/b0425cu/web-client-311293/src/components/layout/dashboard/widgets/VulnerabilitiesByRiskStatsWidget.jsx
2026-01-28 01:00:46,407 - Knowledge - INFO - process ingested knowledge for /app/data/T0015/311293/b0425cu/web-client-311293/src/components/vulnerabilities/VulnerabilityDescriptionPanel.jsx
2026-01-28 01:00:46,539 - Knowledge - INFO - process ingested knowledge for /app/data/T0015/311293/b0425cu/web-client-311293/src/components/layout/dashboard/widgets/RecentDocumentsWidget.jsx
2026-01-28 01:00:46,627 - Knowledge - INFO - Fast-tracked /app/data/T0015/311293/b0425cu/web-client-311293/src/components/tools/Routes.jsx (ext=.jsx, size=477)
2026-01-28 01:00:46,709 - Knowledge - INFO - [kw9] Queue=39, InProgress=0, PendingWorkers=20/20, Completed=300/374 (80.2%)
2026-01-28 01:00:46,792 - Knowledge - INFO - done ingest for /app/data/T0015/311293/b0425cu/web-client-311293/src/components/layout/dashboard/DashboardPage.jsx
2026-01-28 01:00:46,793 - Knowledge - INFO - Async storing batch of 5 embeddings
2026-01-28 01:00:46,794 - Knowledge - INFO - Async storing batch of 5 embeddings
2026-01-28 01:00:46,795 - Knowledge - INFO - [kw1] Queue=39, InProgress=0, PendingWorkers=20/20, Completed=301/374 (80.5%)
2026-01-28 01:00:46,825 - Knowledge - INFO - Processing batch of 4 files
2026-01-28 01:00:46,898 - Knowledge - INFO - Worker kw10 processing /app/data/T0015/311293/b0425cu/web-client-311293/src/components/settings/SettingsLayout.jsx
2026-01-28 01:00:46,976 - Knowledge - INFO - Fast-tracked /app/data/T0015/311293/b0425cu/web-client-311293/src/components/layout/dashboard/widgets/ReleasesWidget.jsx (ext=.jsx, size=1675)
2026-01-28 01:00:47,052 - Knowledge - INFO - Fast-tracked /app/data/T0015/311293/b0425cu/web-client-311293/src/components/settings/index.jsx (ext=.jsx, size=473)
2026-01-28 01:00:47,133 - Knowledge - INFO - process ingested knowledge for /app/data/T0015/311293/b0425cu/web-client-311293/src/components/projects/templates/Details.jsx
2026-01-28 01:00:47,304 - Knowledge - INFO - Fast-tracked /app/data/T0015/311293/b0425cu/web-client-311293/src/components/layout/DashboardLayout.jsx (ext=.jsx, size=381)
2026-01-28 01:00:47,476 - Knowledge - INFO - process ingested knowledge for /app/data/T0015/311293/b0425cu/web-client-311293/src/components/tasks/TasksListPage.jsx
2026-01-28 01:00:47,591 - Knowledge - INFO - process ingested knowledge for /app/data/T0015/311293/b0425cu/web-client-311293/src/components/notifications/Routes.jsx
2026-01-28 01:00:47,724 - Knowledge - INFO - process ingested knowledge for /app/data/T0015/311293/b0425cu/web-client-311293/src/components/projects/vault/VaultSecretForm.jsx
2026-01-28 01:00:47,956 - Knowledge - INFO - process ingested knowledge for /app/data/T0015/311293/b0425cu/web-client-311293/src/components/vulnerabilities/Edit.jsx
2026-01-28 01:00:48,000 - Knowledge - INFO - Worker kw4 processing /app/data/T0015/311293/b0425cu/web-client-311293/src/components/Compose.jsx
2026-01-28 01:00:48,089 - Knowledge - INFO - Batch sizing: calculated=4, max_allowed=10, queue=39, active_workers=20/20
2026-01-28 01:00:48,258 - Knowledge - INFO - process ingested knowledge for /app/data/T0015/311293/b0425cu/web-client-311293/src/components/layout/dashboard/widgets/DiscussionsWidget.jsx
2026-01-28 01:00:48,261 - Knowledge - INFO - Worker kw3 processing /app/data/T0015/311293/b0425cu/web-client-311293/src/components/system/ImportForm.jsx
2026-01-28 01:00:48,344 - Knowledge - INFO - Worker kw20 processing /app/data/T0015/311293/b0425cu/web-client-311293/src/components/notes/Form.jsx
2026-01-28 01:00:48,455 - Knowledge - INFO - Batch sizing: calculated=4, max_allowed=10, queue=39, active_workers=20/20
2026-01-28 01:00:48,467 - Knowledge - INFO - [kw5] Queue=39, InProgress=0, PendingWorkers=20/20, Completed=304/374 (81.3%)
2026-01-28 01:00:48,543 - Knowledge - INFO - process ingested knowledge for /app/data/T0015/311293/b0425cu/web-client-311293/src/components/layout/dashboard/widgets/VulnerabilitiesByCategoryStatsWidget.jsx
2026-01-28 01:00:48,576 - Knowledge - INFO - [kw18] Queue=39, InProgress=0, PendingWorkers=20/20, Completed=306/374 (81.8%)
2026-01-28 01:00:48,612 - Knowledge - INFO - Processing batch of 4 files
2026-01-28 01:00:48,639 - Knowledge - INFO - Fast-tracked /app/data/T0015/311293/b0425cu/web-client-311293/src/components/settings/SettingsLayout.jsx (ext=.jsx, size=1330)
2026-01-28 01:00:48,721 - Knowledge - INFO - Worker kw12 processing /app/data/T0015/311293/b0425cu/web-client-311293/src/components/layout/dashboard/widgets/Widget.jsx
2026-01-28 01:00:48,798 - Knowledge - INFO - Worker kw2 processing /app/data/T0015/311293/b0425cu/web-client-311293/src/components/tools/VaultPage.jsx
2026-01-28 01:00:48,878 - Knowledge - INFO - [WEBSOCKET] Sent: Type=progress_update, Size: 273, Duration: 0ms
2026-01-28 01:00:48,983 - Knowledge - INFO - Worker kw7 processing /app/data/T0015/311293/b0425cu/web-client-311293/src/components/layout/PaginationV2.jsx
2026-01-28 01:00:49,484 - Knowledge - INFO - Fast-tracked /app/data/T0015/311293/b0425cu/web-client-311293/src/components/Compose.jsx (ext=.jsx, size=259)
2026-01-28 01:00:49,662 - Knowledge - INFO - process ingested knowledge for /app/data/T0015/311293/b0425cu/web-client-311293/src/components/vulnerabilities/Details.jsx
2026-01-28 01:00:49,775 - Knowledge - INFO - Worker kw3 processing /app/data/T0015/311293/b0425cu/web-client-311293/src/components/system/ExportPage.jsx
2026-01-28 01:00:49,849 - Knowledge - INFO - Fast-tracked /app/data/T0015/311293/b0425cu/web-client-311293/src/components/notes/Form.jsx (ext=.jsx, size=1401)
2026-01-28 01:00:50,069 - Knowledge - INFO - Batch sizing: calculated=4, max_allowed=10, queue=39, active_workers=20/20
2026-01-28 01:00:50,244 - Knowledge - INFO - Batch sizing: calculated=4, max_allowed=10, queue=39, active_workers=20/20
2026-01-28 01:00:50,345 - Knowledge - INFO - process ingested knowledge for /app/data/T0015/311293/b0425cu/web-client-311293/src/components/ui/buttons/Primary.jsx
2026-01-28 01:00:50,430 - Knowledge - INFO - Worker kw10 processing /app/data/T0015/311293/b0425cu/web-client-311293/src/components/settings/CustomFields/Form.jsx
2026-01-28 01:00:50,525 - Knowledge - INFO - Fast-tracked /app/data/T0015/311293/b0425cu/web-client-311293/src/components/layout/dashboard/widgets/Widget.jsx (ext=.jsx, size=373)
2026-01-28 01:00:50,628 - Knowledge - INFO - Fast-tracked /app/data/T0015/311293/b0425cu/web-client-311293/src/components/tools/VaultPage.jsx (ext=.jsx, size=507)
2026-01-28 01:00:50,706 - Knowledge - INFO - [WEBSOCKET] Sent: Type=unknown, Size: ?, Duration: 1828ms
2026-01-28 01:00:50,755 - Knowledge - INFO - process ingested knowledge for /app/data/T0015/311293/b0425cu/web-client-311293/src/components/layout/dashboard/widgets/RecentActivityWidget.jsx
2026-01-28 01:00:50,888 - Knowledge - INFO - Worker kw4 processing /app/data/T0015/311293/b0425cu/web-client-311293/src/components/notes/ModalDialog.jsx
2026-01-28 01:00:51,117 - Knowledge - INFO - Fast-tracked /app/data/T0015/311293/b0425cu/web-client-311293/src/components/system/ExportPage.jsx (ext=.jsx, size=264)
2026-01-28 01:00:51,203 - Knowledge - INFO - Worker kw20 processing /app/data/T0015/311293/b0425cu/web-client-311293/src/components/NativeSpinner.jsx
2026-01-28 01:00:51,586 - Knowledge - INFO - Fast-tracked /app/data/T0015/311293/b0425cu/web-client-311293/src/components/layout/SidemenuLayout.jsx (small file (2376 bytes))
2026-01-28 01:00:51,663 - Knowledge - INFO - Async storage completed for 6 embeddings
2026-01-28 01:00:51,763 - Knowledge - INFO - Worker kw2 processing /app/data/T0015/311293/b0425cu/web-client-311293/src/components/tools/PasswordGeneratorPage.jsx
2026-01-28 01:00:51,850 - Knowledge - INFO - Progress: 82.1% | Files: 307/374 | Rate: 1.77 files/sec | Queue: 27
2026-01-28 01:00:51,850 - Knowledge - INFO - Async storing batch of 5 embeddings
2026-01-28 01:00:51,851 - Knowledge - INFO - Async storing batch of 5 embeddings
2026-01-28 01:00:51,852 - Knowledge - INFO - Async storing batch of 4 embeddings
2026-01-28 01:00:51,916 - Knowledge - INFO - Async storing batch of 4 embeddings
2026-01-28 01:00:51,916 - Knowledge - INFO - process ingested knowledge for /app/data/T0015/311293/b0425cu/web-client-311293/src/components/ui/buttons/Create.jsx
2026-01-28 01:00:52,025 - Knowledge - INFO - Worker kw4 processing /app/data/T0015/311293/b0425cu/web-client-311293/src/components/notes/Table.jsx
2026-01-28 01:00:52,105 - Knowledge - INFO - Worker kw3 processing /app/data/T0015/311293/b0425cu/web-client-311293/src/components/system/Integrations.jsx
2026-01-28 01:00:52,183 - Knowledge - INFO - Fast-tracked /app/data/T0015/311293/b0425cu/web-client-311293/src/components/NativeSpinner.jsx (ext=.jsx, size=119)
2026-01-28 01:00:52,360 - Knowledge - INFO - [kw16] Queue=23, InProgress=0, PendingWorkers=20/20, Completed=307/374 (82.1%)
2026-01-28 01:00:52,651 - Knowledge - INFO - Worker kw1 processing /app/data/T0015/311293/b0425cu/web-client-311293/src/components/system/index.jsx
2026-01-28 01:00:52,783 - Knowledge - INFO - Worker kw9 processing /app/data/T0015/311293/b0425cu/web-client-311293/src/components/system/ExportForm.jsx
2026-01-28 01:00:52,864 - Knowledge - INFO - Worker kw5 processing /app/data/T0015/311293/b0425cu/web-client-311293/src/components/support/Form.css
2026-01-28 01:00:52,937 - Knowledge - INFO - [kw14] Queue=23, InProgress=0, PendingWorkers=20/20, Completed=308/374 (82.4%)
2026-01-28 01:00:52,937 - Knowledge - INFO - [kw11] Queue=23, InProgress=0, PendingWorkers=20/20, Completed=308/374 (82.4%)
2026-01-28 01:00:52,938 - Knowledge - INFO - process ingested knowledge for /app/data/T0015/311293/b0425cu/web-client-311293/src/components/layout/dashboard/widgets/ActiveProjectsWidget.jsx
2026-01-28 01:00:52,939 - Knowledge - INFO - [kw6] Queue=23, InProgress=0, PendingWorkers=20/20, Completed=308/374 (82.4%)
2026-01-28 01:00:52,939 - Knowledge - INFO - [kw13] Queue=23, InProgress=0, PendingWorkers=20/20, Completed=308/374 (82.4%)
2026-01-28 01:00:52,941 - Knowledge - INFO - [kw17] Queue=23, InProgress=0, PendingWorkers=20/20, Completed=308/374 (82.4%)
2026-01-28 01:00:52,951 - Knowledge - INFO - Worker kw18 processing /app/data/T0015/311293/b0425cu/web-client-311293/src/components/reports/ModalDialog.jsx
2026-01-28 01:00:53,182 - Knowledge - INFO - Fast-tracked /app/data/T0015/311293/b0425cu/web-client-311293/src/components/notes/Table.jsx (ext=.jsx, size=1879)
2026-01-28 01:00:53,186 - Knowledge - INFO - process ingested knowledge for /app/data/T0015/311293/b0425cu/web-client-311293/src/components/ui/Tag.jsx
2026-01-28 01:00:53,224 - Knowledge - INFO - Processing batch of 4 files
2026-01-28 01:00:53,268 - Knowledge - INFO - Fast-tracked /app/data/T0015/311293/b0425cu/web-client-311293/src/components/system/Integrations.jsx (ext=.jsx, size=1566)
2026-01-28 01:00:53,357 - Knowledge - INFO - Worker kw20 processing /app/data/T0015/311293/b0425cu/web-client-311293/src/components/auditlog/AuditLogsTable.jsx
2026-01-28 01:00:53,475 - Knowledge - INFO - Batch sizing: calculated=4, max_allowed=10, queue=23, active_workers=20/20
2026-01-28 01:00:53,568 - Knowledge - INFO - Fast-tracked /app/data/T0015/311293/b0425cu/web-client-311293/src/components/system/index.jsx (ext=.jsx, size=378)
2026-01-28 01:00:53,666 - Knowledge - INFO - Worker kw9 processing /app/data/T0015/311293/b0425cu/web-client-311293/src/components/system/Routes.jsx
2026-01-28 01:00:53,697 - Knowledge - INFO - Fast-tracked /app/data/T0015/311293/b0425cu/web-client-311293/src/components/layout/PaginationV2.jsx (small file (2811 bytes))
2026-01-28 01:00:53,747 - Knowledge - INFO - Fast-tracked /app/data/T0015/311293/b0425cu/web-client-311293/src/components/support/Form.css (ext=.css, size=89)
2026-01-28 01:00:53,766 - Knowledge - INFO - [kw8] Queue=23, InProgress=0, PendingWorkers=20/20, Completed=311/374 (83.2%)
2026-01-28 01:00:53,832 - Knowledge - INFO - Batch sizing: calculated=4, max_allowed=10, queue=23, active_workers=20/20
2026-01-28 01:00:53,961 - Knowledge - INFO - Batch sizing: calculated=4, max_allowed=10, queue=23, active_workers=20/20
2026-01-28 01:00:54,047 - Knowledge - INFO - process ingested knowledge for /app/data/T0015/311293/b0425cu/web-client-311293/src/components/layout/dashboard/widgets/WelcomeWidget.jsx
2026-01-28 01:00:54,129 - Knowledge - INFO - Batch sizing: calculated=4, max_allowed=10, queue=23, active_workers=20/20
2026-01-28 01:00:54,219 - Knowledge - INFO - Batch sizing: calculated=4, max_allowed=10, queue=23, active_workers=20/20
2026-01-28 01:00:54,235 - Knowledge - INFO - Async storage completed for 5 embeddings
2026-01-28 01:00:54,293 - Knowledge - INFO - Batch sizing: calculated=4, max_allowed=10, queue=23, active_workers=20/20
2026-01-28 01:00:54,375 - Knowledge - INFO - Worker kw18 processing /app/data/T0015/311293/b0425cu/web-client-311293/src/components/reports/Revisions.jsx
2026-01-28 01:00:54,460 - Knowledge - INFO - Fast-tracked /app/data/T0015/311293/b0425cu/web-client-311293/src/components/notes/ModalDialog.jsx (small file (2016 bytes))
2026-01-28 01:00:54,472 - Knowledge - INFO - Async storage completed for 4 embeddings
2026-01-28 01:00:54,556 - Knowledge - INFO - process ingested knowledge for /app/data/T0015/311293/b0425cu/web-client-311293/src/components/layout/dashboard/DashboardPage.jsx
2026-01-28 01:00:54,642 - Knowledge - INFO - process ingested knowledge for /app/data/T0015/311293/b0425cu/web-client-311293/src/components/layout/dashboard/widgets/MyTasksWidget.jsx
2026-01-28 01:00:54,730 - Knowledge - INFO - Worker kw3 processing /app/data/T0015/311293/b0425cu/web-client-311293/src/components/system/SystemUsagePage.jsx
2026-01-28 01:00:54,854 - Knowledge - INFO - Worker kw20 processing /app/data/T0015/311293/b0425cu/web-client-311293/src/components/auditlog/List.jsx
2026-01-28 01:00:54,938 - Knowledge - INFO - Async storing batch of 5 embeddings
2026-01-28 01:00:55,033 - Knowledge - INFO - Worker kw1 processing /app/data/T0015/311293/b0425cu/web-client-311293/src/components/support/HelpIndex.jsx
2026-01-28 01:00:55,135 - Knowledge - INFO - Fast-tracked /app/data/T0015/311293/b0425cu/web-client-311293/src/components/system/Routes.jsx (ext=.jsx, size=1009)
2026-01-28 01:00:55,251 - Knowledge - INFO - Async storage completed for 5 embeddings
2026-01-28 01:00:55,342 - Knowledge - INFO - Worker kw5 processing /app/data/T0015/311293/b0425cu/web-client-311293/src/components/support/Form.jsx
2026-01-28 01:00:55,431 - Knowledge - INFO - Batch sizing: calculated=4, max_allowed=10, queue=23, active_workers=20/20
2026-01-28 01:00:55,554 - Knowledge - INFO - Async storing batch of 4 embeddings
2026-01-28 01:00:55,642 - Knowledge - INFO - Async storing batch of 5 embeddings
2026-01-28 01:00:55,897 - Knowledge - INFO - Async storing batch of 5 embeddings
2026-01-28 01:00:55,925 - Knowledge - INFO - Async storing batch of 4 embeddings
2026-01-28 01:00:56,220 - Knowledge - INFO - Fast-tracked /app/data/T0015/311293/b0425cu/web-client-311293/src/components/reports/Revisions.jsx (ext=.jsx, size=1207)
2026-01-28 01:00:56,242 - Knowledge - INFO - Async storing batch of 5 embeddings
2026-01-28 01:00:56,334 - Knowledge - INFO - Async storage completed for 4 embeddings
2026-01-28 01:00:56,678 - Knowledge - INFO - process ingested knowledge for /app/data/T0015/311293/b0425cu/web-client-311293/src/components/layout/dashboard/widgets/DashboardWidget.css
2026-01-28 01:00:56,960 - Knowledge - INFO - Fast-tracked /app/data/T0015/311293/b0425cu/web-client-311293/src/components/auditlog/List.jsx (ext=.jsx, size=1583)
2026-01-28 01:00:57,123 - Knowledge - INFO - Worker kw16 processing /app/data/T0015/311293/b0425cu/web-client-311293/src/components/reports/Table.jsx
2026-01-28 01:00:57,273 - Knowledge - INFO - Fast-tracked /app/data/T0015/311293/b0425cu/web-client-311293/src/components/support/HelpIndex.jsx (ext=.jsx, size=384)
2026-01-28 01:00:57,360 - Knowledge - INFO - Worker kw9 processing /app/data/T0015/311293/b0425cu/web-client-311293/src/components/system/ImportPage.jsx
2026-01-28 01:00:57,564 - Knowledge - INFO - Fast-tracked /app/data/T0015/311293/b0425cu/web-client-311293/src/components/support/Form.jsx (ext=.jsx, size=1947)
2026-01-28 01:00:57,793 - Knowledge - INFO - Worker kw14 processing /app/data/T0015/311293/b0425cu/web-client-311293/src/components/reports/templates/List.jsx
2026-01-28 01:00:57,831 - Knowledge - INFO - Fast-tracked /app/data/T0015/311293/b0425cu/web-client-311293/src/components/system/SystemUsagePage.jsx (small file (2744 bytes))
2026-01-28 01:00:57,885 - Knowledge - INFO - Worker kw11 processing /app/data/T0015/311293/b0425cu/web-client-311293/src/Configuration.ts
2026-01-28 01:00:57,973 - Knowledge - INFO - Worker kw6 processing /app/data/T0015/311293/b0425cu/web-client-311293/config-schema.json
2026-01-28 01:00:58,084 - Knowledge - INFO - Worker kw13 processing /app/data/T0015/311293/b0425cu/web-client-311293/README.md
2026-01-28 01:00:58,191 - Knowledge - INFO - Worker kw18 processing /app/data/T0015/311293/b0425cu/web-client-311293/src/components/reports/Routes.jsx
2026-01-28 01:00:58,351 - Knowledge - INFO - Worker kw17 processing /app/data/T0015/311293/b0425cu/web-client-311293/config.local.json
2026-01-28 01:00:58,700 - Knowledge - INFO - process ingested knowledge for /app/data/T0015/311293/b0425cu/web-client-311293/src/components/layout/dashboard/widgets/ReleasesWidget.jsx
2026-01-28 01:00:58,855 - Knowledge - INFO - Fast-tracked /app/data/T0015/311293/b0425cu/web-client-311293/src/components/auditlog/AuditLogsTable.jsx (small file (2146 bytes))
2026-01-28 01:00:58,916 - Knowledge - INFO - Worker kw16 processing /app/data/T0015/311293/b0425cu/web-client-311293/src/components/reports/templates/ModalDialog.jsx
2026-01-28 01:00:59,051 - Knowledge - INFO - Worker kw1 processing /app/data/T0015/311293/b0425cu/web-client-311293/src/components/support/Routes.jsx
2026-01-28 01:00:59,103 - Knowledge - INFO - Processing batch of 4 files
2026-01-28 01:00:59,224 - Knowledge - INFO - Fast-tracked /app/data/T0015/311293/b0425cu/web-client-311293/src/components/system/ImportPage.jsx (ext=.jsx, size=264)
2026-01-28 01:00:59,338 - Knowledge - INFO - Worker kw5 processing /app/data/T0015/311293/b0425cu/web-client-311293/src/components/support/KeyboardShortcuts.css
2026-01-28 01:00:59,523 - Knowledge - INFO - Worker kw14 processing /app/data/T0015/311293/b0425cu/web-client-311293/src/components/reports/List.jsx
2026-01-28 01:00:59,621 - Knowledge - INFO - Async storage completed for 5 embeddings
2026-01-28 01:00:59,907 - Knowledge - INFO - Fast-tracked /app/data/T0015/311293/b0425cu/web-client-311293/src/Configuration.ts (ext=.ts, size=587)
2026-01-28 01:01:00,004 - Knowledge - INFO - Fast-tracked /app/data/T0015/311293/b0425cu/web-client-311293/config-schema.json (ext=.json, size=1464)
2026-01-28 01:01:00,211 - Knowledge - INFO - Fast-tracked /app/data/T0015/311293/b0425cu/web-client-311293/README.md (ext=.md, size=813)
2026-01-28 01:01:00,499 - Knowledge - INFO - Fast-tracked /app/data/T0015/311293/b0425cu/web-client-311293/src/components/reports/Routes.jsx (ext=.jsx, size=421)
2026-01-28 01:01:00,642 - Knowledge - INFO - Fast-tracked /app/data/T0015/311293/b0425cu/web-client-311293/config.local.json (ext=.json, size=295)
2026-01-28 01:01:00,862 - Knowledge - INFO - process ingested knowledge for /app/data/T0015/311293/b0425cu/web-client-311293/src/components/layout/dashboard/widgets/Widget.jsx
2026-01-28 01:01:00,921 - Knowledge - INFO - Async storage completed for 5 embeddings
2026-01-28 01:01:01,075 - Knowledge - INFO - Worker kw16 processing /app/data/T0015/311293/b0425cu/web-client-311293/src/components/reports/templates/Details.jsx
2026-01-28 01:01:01,276 - Knowledge - INFO - Fast-tracked /app/data/T0015/311293/b0425cu/web-client-311293/src/components/support/Routes.jsx (ext=.jsx, size=292)
2026-01-28 01:01:01,423 - Knowledge - INFO - process ingested knowledge for /app/data/T0015/311293/b0425cu/web-client-311293/src/components/tools/Routes.jsx
2026-01-28 01:01:01,558 - Knowledge - INFO - Worker kw9 processing /app/data/T0015/311293/b0425cu/web-client-311293/src/components/system/SystemHealthPage.jsx
2026-01-28 01:01:01,796 - Knowledge - INFO - Fast-tracked /app/data/T0015/311293/b0425cu/web-client-311293/src/components/support/KeyboardShortcuts.css (ext=.css, size=158)
2026-01-28 01:01:02,144 - Knowledge - INFO - Fast-tracked /app/data/T0015/311293/b0425cu/web-client-311293/src/components/reports/List.jsx (ext=.jsx, size=614)
2026-01-28 01:01:02,342 - Knowledge - INFO - Worker kw11 processing /app/data/T0015/311293/b0425cu/web-client-311293/src/index.jsx
2026-01-28 01:01:02,479 - Knowledge - INFO - Worker kw6 processing /app/data/T0015/311293/b0425cu/web-client-311293/knip.json
2026-01-28 01:01:02,536 - Knowledge - INFO - Worker kw13 processing /app/data/T0015/311293/b0425cu/web-client-311293/index.html
2026-01-28 01:01:02,765 - Knowledge - INFO - Worker kw18 processing /app/data/T0015/311293/b0425cu/web-client-311293/src/components/reports/Send.jsx
2026-01-28 01:01:02,889 - Knowledge - INFO - Worker kw17 processing /app/data/T0015/311293/b0425cu/web-client-311293/public/robots.txt
2026-01-28 01:01:03,030 - Knowledge - INFO - [LLM_CALL] Completed: Form.jsx:chunk1, Duration: 10756ms, PromptTokens: 2074, CompletionTokens: 308, Cost: $0.00033
2026-01-28 01:01:03,378 - Knowledge - INFO - Worker kw16 processing /app/data/T0015/311293/b0425cu/web-client-311293/src/components/reports/templates/Routes.jsx
2026-01-28 01:01:03,603 - Knowledge - INFO - Worker kw1 processing /app/data/T0015/311293/b0425cu/web-client-311293/src/components/support/KeyboardShortcuts.jsx
2026-01-28 01:01:03,819 - Knowledge - INFO - process ingested knowledge for /app/data/T0015/311293/b0425cu/web-client-311293/src/components/Compose.jsx
2026-01-28 01:01:03,911 - Knowledge - INFO - Fast-tracked /app/data/T0015/311293/b0425cu/web-client-311293/src/components/system/ExportForm.jsx (small file (2104 bytes))
2026-01-28 01:01:04,006 - Knowledge - INFO - Worker kw5 processing /app/data/T0015/311293/b0425cu/web-client-311293/src/components/NativeSpinner.css
2026-01-28 01:01:04,164 - Knowledge - INFO - Worker kw14 processing /app/data/T0015/311293/b0425cu/web-client-311293/src/vite-env.d.ts
2026-01-28 01:01:04,385 - Knowledge - INFO - Worker kw11 processing /app/data/T0015/311293/b0425cu/web-client-311293/src/setupTests.js
2026-01-28 01:01:04,599 - Knowledge - INFO - Fast-tracked /app/data/T0015/311293/b0425cu/web-client-311293/knip.json (ext=.json, size=126)
2026-01-28 01:01:04,718 - Knowledge - INFO - Fast-tracked /app/data/T0015/311293/b0425cu/web-client-311293/index.html (ext=.html, size=1146)
2026-01-28 01:01:04,937 - Knowledge - INFO - Fast-tracked /app/data/T0015/311293/b0425cu/web-client-311293/public/robots.txt (ext=.txt, size=25)
2026-01-28 01:01:05,002 - Knowledge - INFO - done ingest for /app/data/T0015/311293/b0425cu/web-client-311293/src/components/settings/CustomFields/Form.jsx
2026-01-28 01:01:05,002 - Knowledge - INFO - [LLM_CALL] Completed: PasswordGeneratorPage.jsx:chunk1, Duration: 12547ms, PromptTokens: 2918, CompletionTokens: 342, Cost: $0.00043
2026-01-28 01:01:05,088 - Knowledge - INFO - Fast-tracked /app/data/T0015/311293/b0425cu/web-client-311293/src/components/reports/templates/Routes.jsx (ext=.jsx, size=480)
2026-01-28 01:01:05,174 - Knowledge - INFO - Fast-tracked /app/data/T0015/311293/b0425cu/web-client-311293/src/components/support/KeyboardShortcuts.jsx (ext=.jsx, size=1957)
2026-01-28 01:01:05,282 - Knowledge - INFO - process ingested knowledge for /app/data/T0015/311293/b0425cu/web-client-311293/src/components/notes/ModalDialog.jsx
2026-01-28 01:01:05,394 - Knowledge - INFO - Fast-tracked /app/data/T0015/311293/b0425cu/web-client-311293/src/components/system/SystemHealthPage.jsx (small file (2725 bytes))
2026-01-28 01:01:05,466 - Knowledge - INFO - Fast-tracked /app/data/T0015/311293/b0425cu/web-client-311293/src/components/NativeSpinner.css (ext=.css, size=331)
2026-01-28 01:01:05,564 - Knowledge - INFO - Fast-tracked /app/data/T0015/311293/b0425cu/web-client-311293/src/vite-env.d.ts (ext=.ts, size=38)
2026-01-28 01:01:05,649 - Knowledge - INFO - Fast-tracked /app/data/T0015/311293/b0425cu/web-client-311293/src/setupTests.js (ext=.js, size=322)
2026-01-28 01:01:05,739 - Knowledge - INFO - Worker kw6 processing /app/data/T0015/311293/b0425cu/web-client-311293/eslint.config.js
2026-01-28 01:01:05,821 - Knowledge - INFO - Worker kw13 processing /app/data/T0015/311293/b0425cu/web-client-311293/vite.config.js
2026-01-28 01:01:05,946 - Knowledge - INFO - Worker kw17 processing /app/data/T0015/311293/b0425cu/web-client-311293/public/manifest.json
2026-01-28 01:01:06,180 - Knowledge - INFO - done ingest for /app/data/T0015/311293/b0425cu/web-client-311293/src/components/tools/PasswordGeneratorPage.jsx
2026-01-28 01:01:06,199 - Knowledge - INFO - [LLM_CALL] Completed: Header.jsx:chunk1, Duration: 14348ms, PromptTokens: 3360, CompletionTokens: 377, Cost: $0.00049
2026-01-28 01:01:06,268 - Knowledge - INFO - Fast-tracked /app/data/T0015/311293/b0425cu/web-client-311293/src/components/reports/Table.jsx (small file (2916 bytes))
2026-01-28 01:01:06,354 - Knowledge - INFO - Async storage completed for 5 embeddings
2026-01-28 01:01:06,442 - Knowledge - INFO - process ingested knowledge for /app/data/T0015/311293/b0425cu/web-client-311293/src/components/notes/Table.jsx
2026-01-28 01:01:06,517 - Knowledge - INFO - Async storage completed for 5 embeddings
2026-01-28 01:01:06,635 - Knowledge - INFO - Async storage completed for 4 embeddings
2026-01-28 01:01:06,746 - Knowledge - INFO - Worker kw14 processing /app/data/T0015/311293/b0425cu/web-client-311293/src/types/index.d.ts
2026-01-28 01:01:06,822 - Knowledge - INFO - Worker kw11 processing /app/data/T0015/311293/b0425cu/web-client-311293/package.json
2026-01-28 01:01:06,912 - Knowledge - INFO - Worker kw6 processing /app/data/T0015/311293/b0425cu/web-client-311293/tsconfig.json
2026-01-28 01:01:06,986 - Knowledge - INFO - Fast-tracked /app/data/T0015/311293/b0425cu/web-client-311293/vite.config.js (ext=.js, size=771)
2026-01-28 01:01:07,087 - Knowledge - INFO - Fast-tracked /app/data/T0015/311293/b0425cu/web-client-311293/public/manifest.json (ext=.json, size=487)
2026-01-28 01:01:07,274 - Knowledge - INFO - done ingest for /app/data/T0015/311293/b0425cu/web-client-311293/src/components/layout/Header.jsx
2026-01-28 01:01:07,276 - Knowledge - INFO - [LLM_CALL] Completed: ImportForm.jsx:chunk1, Duration: 10426ms, PromptTokens: 2190, CompletionTokens: 241, Cost: $0.00032
2026-01-28 01:01:07,837 - Knowledge - INFO - Fast-tracked /app/data/T0015/311293/b0425cu/web-client-311293/src/types/index.d.ts (ext=.ts, size=79)
2026-01-28 01:01:07,931 - Knowledge - INFO - Fast-tracked /app/data/T0015/311293/b0425cu/web-client-311293/package.json (ext=.json, size=2768)
2026-01-28 01:01:08,056 - Knowledge - INFO - Fast-tracked /app/data/T0015/311293/b0425cu/web-client-311293/tsconfig.json (ext=.json, size=1374)
2026-01-28 01:01:08,134 - Knowledge - INFO - Worker kw13 processing /app/data/T0015/311293/b0425cu/web-client-311293/CHANGELOG.md
2026-01-28 01:01:08,263 - Knowledge - INFO - Async storage completed for 5 embeddings
2026-01-28 01:01:08,483 - Knowledge - INFO - done ingest for /app/data/T0015/311293/b0425cu/web-client-311293/src/components/system/ImportForm.jsx
2026-01-28 01:01:08,522 - Knowledge - INFO - [WEBSOCKET] Sent: Type=progress_update, Size: 273, Duration: 1ms
2026-01-28 01:01:08,686 - Knowledge - INFO - Fast-tracked /app/data/T0015/311293/b0425cu/web-client-311293/src/index.jsx (small file (2919 bytes))
2026-01-28 01:01:08,788 - Knowledge - INFO - Fast-tracked /app/data/T0015/311293/b0425cu/web-client-311293/eslint.config.js (small file (2575 bytes))
2026-01-28 01:01:08,877 - Knowledge - INFO - Fast-tracked /app/data/T0015/311293/b0425cu/web-client-311293/CHANGELOG.md (ext=.md, size=104)
2026-01-28 01:01:09,226 - Knowledge - INFO - Processing batch of 4 files
2026-01-28 01:01:09,234 - Knowledge - INFO - Processing batch of 3 files
2026-01-28 01:01:09,235 - Knowledge - INFO - [WEBSOCKET] Sent: Type=unknown, Size: ?, Duration: 716ms
2026-01-28 01:01:09,265 - Knowledge - INFO - Async storage completed for 5 embeddings
2026-01-28 01:01:09,373 - Knowledge - INFO - Async storage completed for 5 embeddings
2026-01-28 01:01:09,479 - Knowledge - INFO - Async storage completed for 4 embeddings
2026-01-28 01:01:09,602 - Knowledge - INFO - process ingested knowledge for /app/data/T0015/311293/b0425cu/web-client-311293/src/components/support/Form.css
2026-01-28 01:01:09,784 - Knowledge - INFO - process ingested knowledge for /app/data/T0015/311293/b0425cu/web-client-311293/config.local.json
2026-01-28 01:01:09,882 - Knowledge - INFO - Progress: 86.6% | Files: 334/374 | Rate: 1.73 files/sec | Queue: 0
2026-01-28 01:01:10,125 - Knowledge - INFO - Processing batch of 4 files
2026-01-28 01:01:10,125 - Knowledge - INFO - Processing batch of 4 files
2026-01-28 01:01:10,126 - Knowledge - INFO - Processing batch of 4 files
2026-01-28 01:01:10,127 - Knowledge - INFO - Processing batch of 4 files
2026-01-28 01:01:10,208 - Knowledge - INFO - Processing batch of 4 files
2026-01-28 01:01:10,209 - Knowledge - INFO - Processing batch of 4 files
2026-01-28 01:01:10,209 - Knowledge - INFO - Processing batch of 4 files
2026-01-28 01:01:10,212 - Knowledge - INFO - Processing batch of 4 files
2026-01-28 01:01:10,214 - Knowledge - INFO - Processing batch of 4 files
2026-01-28 01:01:10,342 - Knowledge - INFO - process ingested knowledge for /app/data/T0015/311293/b0425cu/web-client-311293/src/components/support/Form.jsx
2026-01-28 01:01:10,346 - Knowledge - INFO - Fast-tracked /app/data/T0015/311293/b0425cu/web-client-311293/src/components/reports/templates/Details.jsx (small file (3045 bytes))
2026-01-28 01:01:10,349 - Knowledge - INFO - Processing batch of 4 files
2026-01-28 01:01:10,440 - Knowledge - INFO - process ingested knowledge for /app/data/T0015/311293/b0425cu/web-client-311293/public/robots.txt
2026-01-28 01:01:10,619 - Knowledge - INFO - process ingested knowledge for /app/data/T0015/311293/b0425cu/web-client-311293/src/components/settings/Routes.jsx
2026-01-28 01:01:10,718 - Knowledge - INFO - process ingested knowledge for /app/data/T0015/311293/b0425cu/web-client-311293/src/components/notes/Form.jsx
2026-01-28 01:01:10,804 - Knowledge - INFO - process ingested knowledge for /app/data/T0015/311293/b0425cu/web-client-311293/src/components/system/ExportForm.jsx
2026-01-28 01:01:10,900 - Knowledge - INFO - process ingested knowledge for /app/data/T0015/311293/b0425cu/web-client-311293/src/components/layout/HeaderLogo.jsx
2026-01-28 01:01:11,019 - Knowledge - INFO - process ingested knowledge for /app/data/T0015/311293/b0425cu/web-client-311293/config-schema.json
2026-01-28 01:01:11,066 - Knowledge - INFO - Async storage completed for 4 embeddings
2026-01-28 01:01:11,151 - Knowledge - INFO - process ingested knowledge for /app/data/T0015/311293/b0425cu/web-client-311293/src/components/layout/dashboard/widgets/ApiHealthWidget.jsx
2026-01-28 01:01:11,177 - Knowledge - INFO - Async storage completed for 4 embeddings
2026-01-28 01:01:11,245 - Knowledge - INFO - process ingested knowledge for /app/data/T0015/311293/b0425cu/web-client-311293/src/components/system/index.jsx
2026-01-28 01:01:11,356 - Knowledge - INFO - process ingested knowledge for /app/data/T0015/311293/b0425cu/web-client-311293/src/components/system/ImportForm.jsx
2026-01-28 01:01:11,452 - Knowledge - INFO - process ingested knowledge for /app/data/T0015/311293/b0425cu/web-client-311293/src/Configuration.ts
2026-01-28 01:01:11,536 - Knowledge - INFO - process ingested knowledge for /app/data/T0015/311293/b0425cu/web-client-311293/src/components/support/KeyboardShortcuts.css
2026-01-28 01:01:11,627 - Knowledge - INFO - Async storage completed for 5 embeddings
2026-01-28 01:01:11,706 - Knowledge - INFO - process ingested knowledge for /app/data/T0015/311293/b0425cu/web-client-311293/README.md
2026-01-28 01:01:11,817 - Knowledge - INFO - process ingested knowledge for /app/data/T0015/311293/b0425cu/web-client-311293/public/manifest.json
2026-01-28 01:01:11,903 - Knowledge - INFO - process ingested knowledge for /app/data/T0015/311293/b0425cu/web-client-311293/src/components/settings/index.jsx
2026-01-28 01:01:11,994 - Knowledge - INFO - process ingested knowledge for /app/data/T0015/311293/b0425cu/web-client-311293/src/components/NativeSpinner.jsx
2026-01-28 01:01:12,108 - Knowledge - INFO - process ingested knowledge for /app/data/T0015/311293/b0425cu/web-client-311293/src/components/system/Routes.jsx
2026-01-28 01:01:12,169 - Knowledge - INFO - process ingested knowledge for /app/data/T0015/311293/b0425cu/web-client-311293/src/components/layout/SidemenuLayout.jsx
2026-01-28 01:01:12,261 - Knowledge - INFO - process ingested knowledge for /app/data/T0015/311293/b0425cu/web-client-311293/knip.json
2026-01-28 01:01:12,470 - Knowledge - INFO - process ingested knowledge for /app/data/T0015/311293/b0425cu/web-client-311293/src/components/layout/Header.jsx
2026-01-28 01:01:12,663 - Knowledge - INFO - process ingested knowledge for /app/data/T0015/311293/b0425cu/web-client-311293/src/components/support/HelpIndex.jsx
2026-01-28 01:01:12,744 - Knowledge - INFO - process ingested knowledge for /app/data/T0015/311293/b0425cu/web-client-311293/src/components/system/ExportPage.jsx
2026-01-28 01:01:12,835 - Knowledge - INFO - process ingested knowledge for /app/data/T0015/311293/b0425cu/web-client-311293/src/index.jsx
2026-01-28 01:01:12,931 - Knowledge - INFO - process ingested knowledge for /app/data/T0015/311293/b0425cu/web-client-311293/src/components/NativeSpinner.css
2026-01-28 01:01:13,286 - Knowledge - INFO - process ingested knowledge for /app/data/T0015/311293/b0425cu/web-client-311293/index.html
2026-01-28 01:01:13,764 - Knowledge - INFO - process ingested knowledge for /app/data/T0015/311293/b0425cu/web-client-311293/src/components/auditlog/AuditLogsTable.jsx
2026-01-28 01:01:13,926 - Knowledge - INFO - process ingested knowledge for /app/data/T0015/311293/b0425cu/web-client-311293/src/components/tools/VaultPage.jsx
2026-01-28 01:01:13,958 - Knowledge - INFO - process ingested knowledge for /app/data/T0015/311293/b0425cu/web-client-311293/src/components/system/ImportPage.jsx
2026-01-28 01:01:14,417 - Knowledge - INFO - process ingested knowledge for /app/data/T0015/311293/b0425cu/web-client-311293/src/components/settings/SettingsLayout.jsx
2026-01-28 01:01:14,481 - Knowledge - INFO - process ingested knowledge for /app/data/T0015/311293/b0425cu/web-client-311293/eslint.config.js
2026-01-28 01:01:14,611 - Knowledge - INFO - process ingested knowledge for /app/data/T0015/311293/b0425cu/web-client-311293/src/components/support/Routes.jsx
2026-01-28 01:01:14,765 - Knowledge - INFO - process ingested knowledge for /app/data/T0015/311293/b0425cu/web-client-311293/src/components/layout/DashboardLayout.jsx
2026-01-28 01:01:15,249 - Knowledge - INFO - process ingested knowledge for /app/data/T0015/311293/b0425cu/web-client-311293/src/components/system/Integrations.jsx
2026-01-28 01:01:15,259 - Knowledge - INFO - process ingested knowledge for /app/data/T0015/311293/b0425cu/web-client-311293/src/setupTests.js
2026-01-28 01:01:15,611 - Knowledge - INFO - process ingested knowledge for /app/data/T0015/311293/b0425cu/web-client-311293/vite.config.js
2026-01-28 01:01:15,634 - Knowledge - INFO - process ingested knowledge for /app/data/T0015/311293/b0425cu/web-client-311293/src/components/auditlog/List.jsx
2026-01-28 01:01:15,677 - Knowledge - INFO - [WEBSOCKET] Sent: Type=progress_update, Size: 273, Duration: 1ms
2026-01-28 01:01:15,721 - Knowledge - INFO - process ingested knowledge for /app/data/T0015/311293/b0425cu/web-client-311293/src/components/tools/PasswordGeneratorPage.jsx
2026-01-28 01:01:15,741 - Knowledge - INFO - process ingested knowledge for /app/data/T0015/311293/b0425cu/web-client-311293/src/components/system/SystemHealthPage.jsx
2026-01-28 01:01:16,126 - Knowledge - INFO - process ingested knowledge for /app/data/T0015/311293/b0425cu/web-client-311293/tsconfig.json
2026-01-28 01:01:16,178 - Knowledge - INFO - process ingested knowledge for /app/data/T0015/311293/b0425cu/web-client-311293/src/components/support/KeyboardShortcuts.jsx
2026-01-28 01:01:16,270 - Knowledge - INFO - process ingested knowledge for /app/data/T0015/311293/b0425cu/web-client-311293/src/components/layout/PaginationV2.jsx
2026-01-28 01:01:16,425 - Knowledge - INFO - process ingested knowledge for /app/data/T0015/311293/b0425cu/web-client-311293/src/components/settings/CustomFields/Form.jsx
2026-01-28 01:01:16,481 - Knowledge - INFO - process ingested knowledge for /app/data/T0015/311293/b0425cu/web-client-311293/src/components/system/SystemUsagePage.jsx
2026-01-28 01:01:16,894 - Knowledge - INFO - process ingested knowledge for /app/data/T0015/311293/b0425cu/web-client-311293/CHANGELOG.md
2026-01-28 01:01:16,977 - Knowledge - INFO - process ingested knowledge for /app/data/T0015/311293/b0425cu/web-client-311293/package.json
2026-01-28 01:01:17,030 - Knowledge - INFO - [WEBSOCKET] Sent: Type=unknown, Size: ?, Duration: 1354ms
2026-01-28 01:01:18,445 - Knowledge - INFO - Progress: 96.8% | Files: 362/374 | Rate: 1.81 files/sec | Queue: 0
2026-01-28 01:01:20,092 - Knowledge - INFO - [LLM_CALL] Completed: ModalDialog.jsx:chunk1, Duration: 11603ms, PromptTokens: 2038, CompletionTokens: 296, Cost: $0.00032
2026-01-28 01:01:20,297 - Knowledge - INFO - done ingest for /app/data/T0015/311293/b0425cu/web-client-311293/src/components/reports/templates/ModalDialog.jsx
2026-01-28 01:01:20,439 - Knowledge - INFO - [LLM_CALL] Completed: List.jsx:chunk1, Duration: 11208ms, PromptTokens: 2804, CompletionTokens: 435, Cost: $0.00045
2026-01-28 01:01:20,624 - Knowledge - INFO - done ingest for /app/data/T0015/311293/b0425cu/web-client-311293/src/components/reports/templates/List.jsx
2026-01-28 01:01:21,329 - Knowledge - INFO - [LLM_CALL] Completed: Send.jsx:chunk1, Duration: 12834ms, PromptTokens: 2728, CompletionTokens: 386, Cost: $0.00043
2026-01-28 01:01:21,522 - Knowledge - INFO - done ingest for /app/data/T0015/311293/b0425cu/web-client-311293/src/components/reports/Send.jsx
2026-01-28 01:01:22,081 - Knowledge - INFO - done ingest for /app/data/T0015/311293/b0425cu/web-client-311293/src/components/reports/ModalDialog.jsx
2026-01-28 01:01:23,391 - Knowledge - INFO - Processing batch of 4 files
2026-01-28 01:01:23,546 - Knowledge - INFO - process ingested knowledge for /app/data/T0015/311293/b0425cu/web-client-311293/src/components/reports/templates/List.jsx
2026-01-28 01:01:23,566 - Knowledge - INFO - [WEBSOCKET] Sent: Type=progress_update, Size: 274, Duration: 1ms
2026-01-28 01:01:23,791 - Knowledge - INFO - [WEBSOCKET] Sent: Type=unknown, Size: ?, Duration: 226ms
2026-01-28 01:01:23,991 - Knowledge - INFO - Progress: 99.2% | Files: 372/374 | Rate: 1.79 files/sec | Queue: 0
2026-01-28 01:01:24,007 - Knowledge - INFO - Processing batch of 4 files
2026-01-28 01:01:24,265 - Knowledge - INFO - process ingested knowledge for /app/data/T0015/311293/b0425cu/web-client-311293/src/components/reports/Table.jsx
2026-01-28 01:01:24,332 - Knowledge - INFO - process ingested knowledge for /app/data/T0015/311293/b0425cu/web-client-311293/src/components/reports/List.jsx
2026-01-28 01:01:24,557 - Knowledge - INFO - process ingested knowledge for /app/data/T0015/311293/b0425cu/web-client-311293/src/components/reports/templates/ModalDialog.jsx
2026-01-28 01:01:24,585 - Knowledge - INFO - Processing batch of 4 files
2026-01-28 01:01:24,596 - Knowledge - INFO - process ingested knowledge for /app/data/T0015/311293/b0425cu/web-client-311293/src/vite-env.d.ts
2026-01-28 01:01:24,784 - Knowledge - INFO - process ingested knowledge for /app/data/T0015/311293/b0425cu/web-client-311293/src/components/reports/templates/Details.jsx
2026-01-28 01:01:24,868 - Knowledge - INFO - process ingested knowledge for /app/data/T0015/311293/b0425cu/web-client-311293/src/components/reports/ModalDialog.jsx
2026-01-28 01:01:24,965 - Knowledge - INFO - process ingested knowledge for /app/data/T0015/311293/b0425cu/web-client-311293/src/types/index.d.ts
2026-01-28 01:01:25,067 - Knowledge - INFO - process ingested knowledge for /app/data/T0015/311293/b0425cu/web-client-311293/src/components/reports/templates/Routes.jsx
2026-01-28 01:01:25,191 - Knowledge - INFO - process ingested knowledge for /app/data/T0015/311293/b0425cu/web-client-311293/src/components/reports/Revisions.jsx
2026-01-28 01:01:25,606 - Knowledge - INFO - process ingested knowledge for /app/data/T0015/311293/b0425cu/web-client-311293/src/components/reports/Routes.jsx
2026-01-28 01:01:25,892 - Knowledge - INFO - process ingested knowledge for /app/data/T0015/311293/b0425cu/web-client-311293/src/components/reports/Send.jsx
2026-01-28 01:01:26,658 - Knowledge - INFO - Knowledge creation complete
2026-01-28 01:01:26,843 - Knowledge - INFO - ==================================================
2026-01-28 01:01:27,018 - Knowledge - INFO - KNOWLEDGE GRAPH GENERATION PERFORMANCE SUMMARY
2026-01-28 01:01:27,203 - Knowledge - INFO - ==================================================
2026-01-28 01:01:27,377 - Knowledge - INFO - Total processing time: 211.22 seconds (3.52 minutes)
2026-01-28 01:01:27,619 - Knowledge - INFO - Files processed: 0
2026-01-28 01:01:27,780 - Knowledge - INFO - Processing rate: 0.00 files/second
2026-01-28 01:01:27,987 - Knowledge - INFO - 
[TIME_BREAKDOWN]
2026-01-28 01:01:28,201 - Knowledge - INFO - File Reading: 0.00s (0.0%)
2026-01-28 01:01:28,408 - Knowledge - INFO - LLM Processing: 976.31s (462.2%)
2026-01-28 01:01:28,579 - Knowledge - INFO - MongoDB Operations: 0.00s (0.0%)
2026-01-28 01:01:28,772 - Knowledge - INFO - Redis Operations: 0.00s (0.0%)
2026-01-28 01:01:28,934 - Knowledge - INFO - WebSocket Communication: 31.02s (14.7%)
2026-01-28 01:01:29,130 - Knowledge - INFO - 
[LLM_STATS]
2026-01-28 01:01:29,307 - Knowledge - INFO - Total LLM calls: 39
2026-01-28 01:01:29,473 - Knowledge - INFO - Average LLM response time: 25034ms
2026-01-28 01:01:29,702 - Knowledge - INFO - Average prompt tokens: 3001.2
2026-01-28 01:01:29,872 - Knowledge - INFO - Average completion tokens: 395.6
2026-01-28 01:01:30,081 - Knowledge - INFO - Total prompt tokens: 117048
2026-01-28 01:01:30,266 - Knowledge - INFO - Total completion tokens: 15427
2026-01-28 01:01:30,510 - Knowledge - INFO - Total LLM cost: $0.0179
2026-01-28 01:01:30,695 - Knowledge - INFO - 
[DATABASE_STATS]
2026-01-28 01:01:30,876 - Knowledge - INFO - MongoDB operations: 0
2026-01-28 01:01:31,051 - Knowledge - INFO - Redis operations: 0
2026-01-28 01:01:31,241 - Knowledge - INFO - 
[COMMUNICATION_STATS]
2026-01-28 01:01:31,410 - Knowledge - INFO - WebSocket messages sent: 41
2026-01-28 01:01:31,591 - Knowledge - INFO - Average message size: 144.3 bytes
2026-01-28 01:01:31,762 - Knowledge - INFO - 
[WORKER_STATS]
2026-01-28 01:01:31,938 - Knowledge - INFO - 
[FILE_TYPE_STATS]
2026-01-28 01:01:32,106 - Knowledge - INFO - 
[SLOWEST_FILES]
2026-01-28 01:01:32,318 - Knowledge - INFO - ==================================================
2026-01-28 01:01:32,532 - Knowledge - INFO - ==================================================
2026-01-28 01:01:32,723 - Knowledge - INFO - KNOWLEDGE GRAPH GENERATION PERFORMANCE SUMMARY
2026-01-28 01:01:32,936 - Knowledge - INFO - ==================================================
2026-01-28 01:01:33,104 - Knowledge - INFO - Total processing time: 217.01 seconds (3.62 minutes)
2026-01-28 01:01:33,272 - Knowledge - INFO - Files processed: 374 of 374
2026-01-28 01:01:33,447 - Knowledge - INFO - Processing rate: 1.72 files/second
2026-01-28 01:01:33,624 - Knowledge - INFO - WebSocket messages sent: 20
2026-01-28 01:01:33,790 - Knowledge - INFO - MongoDB operations: 374
2026-01-28 01:01:33,972 - Knowledge - INFO - Average MongoDB ops per file: 1.00
2026-01-28 01:01:34,153 - Knowledge - INFO - LLM costs: $0.0228
2026-01-28 01:01:34,337 - Knowledge - INFO - Prompt tokens: 147710
2026-01-28 01:01:34,523 - Knowledge - INFO - Completion tokens: 20089
2026-01-28 01:01:34,740 - Knowledge - INFO - Updating org costs, total cost: 0.022806599999999996
2026-01-28 01:01:36,357 - Knowledge - INFO - [WEBSOCKET] Sent: Type=progress_update, Size: 269, Duration: 0ms
2026-01-28 01:01:36,579 - Knowledge - INFO - Saving knowledge to Redis...
2026-01-28 01:01:37,277 - Knowledge - INFO - Knowledge saved to Redis successfully
